defined_class	defined_class_label	component1	component1_label	component2	component2_label
http://purl.obolibrary.org/obo/GO_0000835	ER ubiquitin ligase complex	http://purl.obolibrary.org/obo/GO_0000151	ubiquitin ligase complex	http://purl.obolibrary.org/obo/GO_0005783	endoplasmic reticulum
http://purl.obolibrary.org/obo/GO_0098791	Golgi apparatus subcompartment	http://purl.obolibrary.org/obo/GO_0031984	organelle subcompartment	http://purl.obolibrary.org/obo/GO_0005794	Golgi apparatus
http://purl.obolibrary.org/obo/GO_0005665	RNA polymerase II, core complex	http://purl.obolibrary.org/obo/GO_0000428	DNA-directed RNA polymerase complex	http://purl.obolibrary.org/obo/GO_0016591	RNA polymerase II, holoenzyme
http://purl.obolibrary.org/obo/GO_0000445	THO complex part of transcription export complex	http://purl.obolibrary.org/obo/GO_0000347	THO complex	http://purl.obolibrary.org/obo/GO_0000346	transcription export complex
http://purl.obolibrary.org/obo/GO_0005870	actin capping protein of dynactin complex	http://purl.obolibrary.org/obo/GO_0008290	F-actin capping protein complex	http://purl.obolibrary.org/obo/GO_0005869	dynactin complex
http://purl.obolibrary.org/obo/GO_0098938	actin cytoskeleton of dendritic spine	http://purl.obolibrary.org/obo/GO_0015629	actin cytoskeleton	http://purl.obolibrary.org/obo/GO_0043197	dendritic spine
http://purl.obolibrary.org/obo/GO_0098859	actin filament bundle of actin-based cell projection	http://purl.obolibrary.org/obo/GO_0097518	parallel actin filament bundle	http://purl.obolibrary.org/obo/GO_0098858	actin-based cell projection
http://purl.obolibrary.org/obo/GO_0098861	actin filament bundle of filopodium	http://purl.obolibrary.org/obo/GO_0097518	parallel actin filament bundle	http://purl.obolibrary.org/obo/GO_0030175	filopodium
http://purl.obolibrary.org/obo/GO_0098860	actin filament bundle of stereocilium	http://purl.obolibrary.org/obo/GO_0097518	parallel actin filament bundle	http://purl.obolibrary.org/obo/GO_0032420	stereocilium
http://purl.obolibrary.org/obo/GO_1903145	actin filament of cell cortex of cell tip	http://purl.obolibrary.org/obo/GO_0005884	actin filament	http://purl.obolibrary.org/obo/GO_0051285	cell cortex of cell tip
http://purl.obolibrary.org/obo/GO_1903144	actomyosin contractile ring actin filament	http://purl.obolibrary.org/obo/GO_0005884	actin filament	http://purl.obolibrary.org/obo/GO_0005826	actomyosin contractile ring
http://purl.obolibrary.org/obo/GO_0042642	actomyosin, myosin complex part	http://purl.obolibrary.org/obo/GO_0016459	myosin complex	http://purl.obolibrary.org/obo/GO_0042641	actomyosin
http://purl.obolibrary.org/obo/GO_0030932	amyloplast ADPG pyrophosphorylase complex	http://purl.obolibrary.org/obo/GO_0030929	ADPG pyrophosphorylase complex	http://purl.obolibrary.org/obo/GO_0009501	amyloplast
http://purl.obolibrary.org/obo/GO_0009568	amyloplast starch grain	http://purl.obolibrary.org/obo/GO_0043036	starch grain	http://purl.obolibrary.org/obo/GO_0009501	amyloplast
http://purl.obolibrary.org/obo/GO_0045179	apical cortex	http://purl.obolibrary.org/obo/GO_0099738	cell cortex region	http://purl.obolibrary.org/obo/GO_0045177	apical part of cell
http://purl.obolibrary.org/obo/GO_1905754	ascospore-type prospore nucleus	http://purl.obolibrary.org/obo/GO_0005634	nucleus	http://purl.obolibrary.org/obo/GO_0042764	ascospore-type prospore
http://purl.obolibrary.org/obo/GO_0000235	astral microtubule	http://purl.obolibrary.org/obo/GO_0005876	spindle microtubule	http://purl.obolibrary.org/obo/GO_0005818	aster
http://purl.obolibrary.org/obo/GO_1904115	axon cytoplasm	http://purl.obolibrary.org/obo/GO_0005737	cytoplasm	http://purl.obolibrary.org/obo/GO_0030424	axon
http://purl.obolibrary.org/obo/GO_1901589	axon microtubule bundle	http://purl.obolibrary.org/obo/GO_0097427	microtubule bundle	http://purl.obolibrary.org/obo/GO_0030424	axon
http://purl.obolibrary.org/obo/GO_0005858	axonemal dynein complex	http://purl.obolibrary.org/obo/GO_0030286	dynein complex	http://purl.obolibrary.org/obo/GO_0005930	axoneme
http://purl.obolibrary.org/obo/GO_0005879	axonemal microtubule	http://purl.obolibrary.org/obo/GO_0005874	microtubule	http://purl.obolibrary.org/obo/GO_0005930	axoneme
http://purl.obolibrary.org/obo/GO_0045180	basal cortex	http://purl.obolibrary.org/obo/GO_0099738	cell cortex region	http://purl.obolibrary.org/obo/GO_0045178	basal part of cell
http://purl.obolibrary.org/obo/GO_0098651	basement membrane collagen trimer	http://purl.obolibrary.org/obo/GO_0005581	collagen trimer	http://purl.obolibrary.org/obo/GO_0005604	basement membrane
http://purl.obolibrary.org/obo/GO_0005938	cell cortex	http://purl.obolibrary.org/obo/GO_0005737	cytoplasm	http://purl.obolibrary.org/obo/GO_0071944	cell periphery
http://purl.obolibrary.org/obo/GO_0051285	cell cortex of cell tip	http://purl.obolibrary.org/obo/GO_0099738	cell cortex region	http://purl.obolibrary.org/obo/GO_0051286	cell tip
http://purl.obolibrary.org/obo/GO_1902716	cell cortex of growing cell tip	http://purl.obolibrary.org/obo/GO_0099738	cell cortex region	http://purl.obolibrary.org/obo/GO_0035838	growing cell tip
http://purl.obolibrary.org/obo/GO_0140472	cell cortex of non-growing cell tip	http://purl.obolibrary.org/obo/GO_0099738	cell cortex region	http://purl.obolibrary.org/obo/GO_0035839	non-growing cell tip
http://purl.obolibrary.org/obo/GO_0099738	cell cortex region	http://purl.obolibrary.org/obo/GO_0005938	cell cortex	http://purl.obolibrary.org/obo/GO_0005938	cell cortex
http://purl.obolibrary.org/obo/GO_1904269	cell leading edge cell cortex	http://purl.obolibrary.org/obo/GO_0099738	cell cortex region	http://purl.obolibrary.org/obo/GO_0031252	cell leading edge
http://purl.obolibrary.org/obo/GO_0009279	cell outer membrane	http://purl.obolibrary.org/obo/GO_0019867	outer membrane	http://purl.obolibrary.org/obo/GO_0030313	cell envelope
http://purl.obolibrary.org/obo/GO_0000142	cellular bud neck contractile ring	http://purl.obolibrary.org/obo/GO_0005826	actomyosin contractile ring	http://purl.obolibrary.org/obo/GO_0005935	cellular bud neck
http://purl.obolibrary.org/obo/GO_0031560	cellular bud neck polarisome	http://purl.obolibrary.org/obo/GO_0000133	polarisome	http://purl.obolibrary.org/obo/GO_0005935	cellular bud neck
http://purl.obolibrary.org/obo/GO_0032174	cellular bud neck septin collar	http://purl.obolibrary.org/obo/GO_0032173	septin collar	http://purl.obolibrary.org/obo/GO_0005935	cellular bud neck
http://purl.obolibrary.org/obo/GO_0000144	cellular bud neck septin ring	http://purl.obolibrary.org/obo/GO_0005940	septin ring	http://purl.obolibrary.org/obo/GO_0005935	cellular bud neck
http://purl.obolibrary.org/obo/GO_0032177	cellular bud neck split septin rings	http://purl.obolibrary.org/obo/GO_0032176	split septin rings	http://purl.obolibrary.org/obo/GO_0005935	cellular bud neck
http://purl.obolibrary.org/obo/GO_0031561	cellular bud tip polarisome	http://purl.obolibrary.org/obo/GO_0000133	polarisome	http://purl.obolibrary.org/obo/GO_0005934	cellular bud tip
http://purl.obolibrary.org/obo/GO_0030933	chloroplast ADPG pyrophosphorylase complex	http://purl.obolibrary.org/obo/GO_0030929	ADPG pyrophosphorylase complex	http://purl.obolibrary.org/obo/GO_0009507	chloroplast
http://purl.obolibrary.org/obo/GO_0042648	chloroplast chromosome	http://purl.obolibrary.org/obo/GO_0005694	chromosome	http://purl.obolibrary.org/obo/GO_0009507	chloroplast
http://purl.obolibrary.org/obo/GO_0010368	chloroplast isoamylase complex	http://purl.obolibrary.org/obo/GO_0043033	isoamylase complex	http://purl.obolibrary.org/obo/GO_0009507	chloroplast
http://purl.obolibrary.org/obo/GO_0022628	chloroplast large ribosomal subunit	http://purl.obolibrary.org/obo/GO_0015934	large ribosomal subunit	http://purl.obolibrary.org/obo/GO_0043253	chloroplast ribosome
http://purl.obolibrary.org/obo/GO_0042644	chloroplast nucleoid	http://purl.obolibrary.org/obo/GO_0009295	nucleoid	http://purl.obolibrary.org/obo/GO_0009507	chloroplast
http://purl.obolibrary.org/obo/GO_0030093	chloroplast photosystem I	http://purl.obolibrary.org/obo/GO_0009522	photosystem I	http://purl.obolibrary.org/obo/GO_0009507	chloroplast
http://purl.obolibrary.org/obo/GO_0030095	chloroplast photosystem II	http://purl.obolibrary.org/obo/GO_0009523	photosystem II	http://purl.obolibrary.org/obo/GO_0009507	chloroplast
http://purl.obolibrary.org/obo/GO_0045320	chloroplast proton-transporting ATP synthase complex	http://purl.obolibrary.org/obo/GO_0045259	proton-transporting ATP synthase complex	http://purl.obolibrary.org/obo/GO_0009507	chloroplast
http://purl.obolibrary.org/obo/GO_0043253	chloroplast ribosome	http://purl.obolibrary.org/obo/GO_0005840	ribosome	http://purl.obolibrary.org/obo/GO_0009507	chloroplast
http://purl.obolibrary.org/obo/GO_0009573	chloroplast ribulose bisphosphate carboxylase complex	http://purl.obolibrary.org/obo/GO_0048492	ribulose bisphosphate carboxylase complex	http://purl.obolibrary.org/obo/GO_0009507	chloroplast
http://purl.obolibrary.org/obo/GO_0022629	chloroplast small ribosomal subunit	http://purl.obolibrary.org/obo/GO_0015935	small ribosomal subunit	http://purl.obolibrary.org/obo/GO_0043253	chloroplast ribosome
http://purl.obolibrary.org/obo/GO_0009569	chloroplast starch grain	http://purl.obolibrary.org/obo/GO_0043036	starch grain	http://purl.obolibrary.org/obo/GO_0009507	chloroplast
http://purl.obolibrary.org/obo/GO_0009533	chloroplast stromal thylakoid	http://purl.obolibrary.org/obo/GO_0009534	chloroplast thylakoid	http://purl.obolibrary.org/obo/GO_0009570	chloroplast stroma
http://purl.obolibrary.org/obo/GO_0009534	chloroplast thylakoid	http://purl.obolibrary.org/obo/GO_0009579	thylakoid	http://purl.obolibrary.org/obo/GO_0009507	chloroplast
http://purl.obolibrary.org/obo/GO_0098807	chloroplast thylakoid membrane protein complex	http://purl.obolibrary.org/obo/GO_0032991	protein-containing complex	http://purl.obolibrary.org/obo/GO_0009535	chloroplast thylakoid membrane
http://purl.obolibrary.org/obo/GO_0062247	chloroplast vesicle	http://purl.obolibrary.org/obo/GO_0097708	intracellular vesicle	http://purl.obolibrary.org/obo/GO_0009507	chloroplast
http://purl.obolibrary.org/obo/GO_0009840	chloroplastic endopeptidase Clp complex	http://purl.obolibrary.org/obo/GO_0009368	endopeptidase Clp complex	http://purl.obolibrary.org/obo/GO_0009570	chloroplast stroma
http://purl.obolibrary.org/obo/GO_0048494	chromatophore ribulose bisphosphate carboxylase complex	http://purl.obolibrary.org/obo/GO_0048492	ribulose bisphosphate carboxylase complex	http://purl.obolibrary.org/obo/GO_0042716	plasma membrane-derived chromatophore
http://purl.obolibrary.org/obo/GO_0036064	ciliary basal body	http://purl.obolibrary.org/obo/GO_0005815	microtubule organizing center	http://purl.obolibrary.org/obo/GO_0005929	cilium
http://purl.obolibrary.org/obo/GO_0097014	ciliary plasm	http://purl.obolibrary.org/obo/GO_0005737	cytoplasm	http://purl.obolibrary.org/obo/GO_0005929	cilium
http://purl.obolibrary.org/obo/GO_0030132	clathrin coat of coated pit	http://purl.obolibrary.org/obo/GO_0030118	clathrin coat	http://purl.obolibrary.org/obo/GO_0005905	clathrin-coated pit
http://purl.obolibrary.org/obo/GO_0030128	clathrin coat of endocytic vesicle	http://purl.obolibrary.org/obo/GO_0030118	clathrin coat	http://purl.obolibrary.org/obo/GO_0030139	endocytic vesicle
http://purl.obolibrary.org/obo/GO_0030129	clathrin coat of synaptic vesicle	http://purl.obolibrary.org/obo/GO_0030118	clathrin coat	http://purl.obolibrary.org/obo/GO_0008021	synaptic vesicle
http://purl.obolibrary.org/obo/GO_0098578	condensed chromatin of inactivated sex chromosome	http://purl.obolibrary.org/obo/GO_0000792	heterochromatin	http://purl.obolibrary.org/obo/GO_0098577	inactive sex chromosome
http://purl.obolibrary.org/obo/GO_0000779	condensed chromosome, centromeric region	http://purl.obolibrary.org/obo/GO_0000775	chromosome, centromeric region	http://purl.obolibrary.org/obo/GO_0000793	condensed chromosome
http://purl.obolibrary.org/obo/GO_0000794	condensed nuclear chromosome	http://purl.obolibrary.org/obo/GO_0000793	condensed chromosome	http://purl.obolibrary.org/obo/GO_0005634	nucleus
http://purl.obolibrary.org/obo/GO_0000440	core TFIIH complex portion of NEF3 complex	http://purl.obolibrary.org/obo/GO_0000439	transcription factor TFIIH core complex	http://purl.obolibrary.org/obo/GO_0000112	nucleotide-excision repair factor 3 complex
http://purl.obolibrary.org/obo/GO_0000438	core TFIIH complex portion of holo TFIIH complex	http://purl.obolibrary.org/obo/GO_0000439	transcription factor TFIIH core complex	http://purl.obolibrary.org/obo/GO_0005675	transcription factor TFIIH holo complex
http://purl.obolibrary.org/obo/GO_0030864	cortical actin cytoskeleton	http://purl.obolibrary.org/obo/GO_0030863	cortical cytoskeleton	http://purl.obolibrary.org/obo/GO_0015629	actin cytoskeleton
http://purl.obolibrary.org/obo/GO_0032541	cortical endoplasmic reticulum	http://purl.obolibrary.org/obo/GO_0071782	endoplasmic reticulum tubular network	http://purl.obolibrary.org/obo/GO_0005938	cell cortex
http://purl.obolibrary.org/obo/GO_0099021	cortical endoplasmic reticulum lumen	http://purl.obolibrary.org/obo/GO_0031974	membrane-enclosed lumen	http://purl.obolibrary.org/obo/GO_0032541	cortical endoplasmic reticulum
http://purl.obolibrary.org/obo/GO_1903754	cortical microtubule plus-end	http://purl.obolibrary.org/obo/GO_0035371	microtubule plus-end	http://purl.obolibrary.org/obo/GO_0055028	cortical microtubule
http://purl.obolibrary.org/obo/GO_0030679	cyanelle ribonuclease P complex	http://purl.obolibrary.org/obo/GO_0030677	ribonuclease P complex	http://purl.obolibrary.org/obo/GO_0009842	cyanelle
http://purl.obolibrary.org/obo/GO_0009843	cyanelle thylakoid	http://purl.obolibrary.org/obo/GO_0009579	thylakoid	http://purl.obolibrary.org/obo/GO_0009842	cyanelle
http://purl.obolibrary.org/obo/GO_1904856	cytolytic granule lumen	http://purl.obolibrary.org/obo/GO_0060205	cytoplasmic vesicle lumen	http://purl.obolibrary.org/obo/GO_0044194	cytolytic granule
http://purl.obolibrary.org/obo/GO_0043598	cytoplasmic DNA replication factor C complex	http://purl.obolibrary.org/obo/GO_0005663	DNA replication factor C complex	http://purl.obolibrary.org/obo/GO_0005737	cytoplasm
http://purl.obolibrary.org/obo/GO_0043223	cytoplasmic SCF ubiquitin ligase complex	http://purl.obolibrary.org/obo/GO_0019005	SCF ubiquitin ligase complex	http://purl.obolibrary.org/obo/GO_0005737	cytoplasm
http://purl.obolibrary.org/obo/GO_0000308	cytoplasmic cyclin-dependent protein kinase holoenzyme complex	http://purl.obolibrary.org/obo/GO_0000307	cyclin-dependent protein kinase holoenzyme complex	http://purl.obolibrary.org/obo/GO_0005737	cytoplasm
http://purl.obolibrary.org/obo/GO_0000177	cytoplasmic exosome (RNase complex)	http://purl.obolibrary.org/obo/GO_0000178	exosome (RNase complex)	http://purl.obolibrary.org/obo/GO_0005737	cytoplasm
http://purl.obolibrary.org/obo/GO_0005881	cytoplasmic microtubule	http://purl.obolibrary.org/obo/GO_0005874	microtubule	http://purl.obolibrary.org/obo/GO_0005737	cytoplasm
http://purl.obolibrary.org/obo/GO_1905720	cytoplasmic microtubule bundle	http://purl.obolibrary.org/obo/GO_0097427	microtubule bundle	http://purl.obolibrary.org/obo/GO_0005737	cytoplasm
http://purl.obolibrary.org/obo/GO_0062194	cytoplasmic microtubule minus-end	http://purl.obolibrary.org/obo/GO_0036449	microtubule minus-end	http://purl.obolibrary.org/obo/GO_0005881	cytoplasmic microtubule
http://purl.obolibrary.org/obo/GO_1904511	cytoplasmic microtubule plus-end	http://purl.obolibrary.org/obo/GO_0035371	microtubule plus-end	http://purl.obolibrary.org/obo/GO_0005881	cytoplasmic microtubule
http://purl.obolibrary.org/obo/GO_0000809	cytoplasmic origin of replication recognition complex	http://purl.obolibrary.org/obo/GO_0000808	origin recognition complex	http://purl.obolibrary.org/obo/GO_0005737	cytoplasm
http://purl.obolibrary.org/obo/GO_0099568	cytoplasmic region	http://purl.obolibrary.org/obo/GO_0005737	cytoplasm	http://purl.obolibrary.org/obo/GO_0005737	cytoplasm
http://purl.obolibrary.org/obo/GO_0043597	cytoplasmic replication fork	http://purl.obolibrary.org/obo/GO_0005657	replication fork	http://purl.obolibrary.org/obo/GO_0005737	cytoplasm
http://purl.obolibrary.org/obo/GO_0043600	cytoplasmic replisome	http://purl.obolibrary.org/obo/GO_0030894	replisome	http://purl.obolibrary.org/obo/GO_0005737	cytoplasm
http://purl.obolibrary.org/obo/GO_0036464	cytoplasmic ribonucleoprotein granule	http://purl.obolibrary.org/obo/GO_0035770	ribonucleoprotein granule	http://purl.obolibrary.org/obo/GO_0005737	cytoplasm
http://purl.obolibrary.org/obo/GO_0000153	cytoplasmic ubiquitin ligase complex	http://purl.obolibrary.org/obo/GO_0000151	ubiquitin ligase complex	http://purl.obolibrary.org/obo/GO_0005737	cytoplasm
http://purl.obolibrary.org/obo/GO_0031410	cytoplasmic vesicle	http://purl.obolibrary.org/obo/GO_0031982	vesicle	http://purl.obolibrary.org/obo/GO_0005737	cytoplasm
http://purl.obolibrary.org/obo/GO_0030659	cytoplasmic vesicle membrane	http://purl.obolibrary.org/obo/GO_0016020	membrane	http://purl.obolibrary.org/obo/GO_0031410	cytoplasmic vesicle
http://purl.obolibrary.org/obo/GO_0039714	cytoplasmic viral factory	http://purl.obolibrary.org/obo/GO_0039713	viral factory	http://purl.obolibrary.org/obo/GO_0030430	host cell cytoplasm
http://purl.obolibrary.org/obo/GO_0098836	cytoskeleton of dendritic spine	http://purl.obolibrary.org/obo/GO_0005856	cytoskeleton	http://purl.obolibrary.org/obo/GO_0043197	dendritic spine
http://purl.obolibrary.org/obo/GO_0048788	cytoskeleton of presynaptic active zone	http://purl.obolibrary.org/obo/GO_0030863	cortical cytoskeleton	http://purl.obolibrary.org/obo/GO_0098831	presynaptic active zone cytoplasmic component
http://purl.obolibrary.org/obo/GO_0045249	cytosol pyruvate dehydrogenase (lipoamide) phosphatase complex	http://purl.obolibrary.org/obo/GO_0045253	pyruvate dehydrogenase (lipoamide) phosphatase complex	http://purl.obolibrary.org/obo/GO_0005829	cytosol
http://purl.obolibrary.org/obo/GO_0002186	cytosolic creatine kinase complex	http://purl.obolibrary.org/obo/GO_0002185	creatine kinase complex	http://purl.obolibrary.org/obo/GO_0005829	cytosol
http://purl.obolibrary.org/obo/GO_0045243	cytosolic isocitrate dehydrogenase complex (NAD+)	http://purl.obolibrary.org/obo/GO_0045242	isocitrate dehydrogenase complex (NAD+)	http://purl.obolibrary.org/obo/GO_0005829	cytosol
http://purl.obolibrary.org/obo/GO_0022625	cytosolic large ribosomal subunit	http://purl.obolibrary.org/obo/GO_0015934	large ribosomal subunit	http://purl.obolibrary.org/obo/GO_0022626	cytosolic ribosome
http://purl.obolibrary.org/obo/GO_0045248	cytosolic oxoglutarate dehydrogenase complex	http://purl.obolibrary.org/obo/GO_0045252	oxoglutarate dehydrogenase complex	http://purl.obolibrary.org/obo/GO_0005829	cytosol
http://purl.obolibrary.org/obo/GO_0045250	cytosolic pyruvate dehydrogenase complex	http://purl.obolibrary.org/obo/GO_0045254	pyruvate dehydrogenase complex	http://purl.obolibrary.org/obo/GO_0005829	cytosol
http://purl.obolibrary.org/obo/GO_0099522	cytosolic region	http://purl.obolibrary.org/obo/GO_0005829	cytosol	http://purl.obolibrary.org/obo/GO_0005829	cytosol
http://purl.obolibrary.org/obo/GO_0022626	cytosolic ribosome	http://purl.obolibrary.org/obo/GO_0005840	ribosome	http://purl.obolibrary.org/obo/GO_0005829	cytosol
http://purl.obolibrary.org/obo/GO_0022627	cytosolic small ribosomal subunit	http://purl.obolibrary.org/obo/GO_0015935	small ribosomal subunit	http://purl.obolibrary.org/obo/GO_0022626	cytosolic ribosome
http://purl.obolibrary.org/obo/GO_0032839	dendrite cytoplasm	http://purl.obolibrary.org/obo/GO_0005737	cytoplasm	http://purl.obolibrary.org/obo/GO_0030425	dendrite
http://purl.obolibrary.org/obo/GO_1902737	dendritic filopodium	http://purl.obolibrary.org/obo/GO_0030175	filopodium	http://purl.obolibrary.org/obo/GO_0030425	dendrite
http://purl.obolibrary.org/obo/GO_1901588	dendritic microtubule	http://purl.obolibrary.org/obo/GO_0005874	microtubule	http://purl.obolibrary.org/obo/GO_0030425	dendrite
http://purl.obolibrary.org/obo/GO_0061846	dendritic spine cytoplasm	http://purl.obolibrary.org/obo/GO_0005737	cytoplasm	http://purl.obolibrary.org/obo/GO_0043197	dendritic spine
http://purl.obolibrary.org/obo/GO_0098898	dense core granule lumen	http://purl.obolibrary.org/obo/GO_0060205	cytoplasmic vesicle lumen	http://purl.obolibrary.org/obo/GO_0031045	dense core granule
http://purl.obolibrary.org/obo/GO_0000935	division septum	http://purl.obolibrary.org/obo/GO_0030428	cell septum	http://purl.obolibrary.org/obo/GO_0032153	cell division site
http://purl.obolibrary.org/obo/GO_0062242	double membrane vesicle viral factory membrane	http://purl.obolibrary.org/obo/GO_0044162	host cell cytoplasmic vesicle membrane	http://purl.obolibrary.org/obo/GO_0039718	double membrane vesicle viral factory
http://purl.obolibrary.org/obo/GO_0062113	early phagosome lumen	http://purl.obolibrary.org/obo/GO_0031974	membrane-enclosed lumen	http://purl.obolibrary.org/obo/GO_0032009	early phagosome
http://purl.obolibrary.org/obo/GO_0071682	endocytic vesicle lumen	http://purl.obolibrary.org/obo/GO_0031974	membrane-enclosed lumen	http://purl.obolibrary.org/obo/GO_0030139	endocytic vesicle
http://purl.obolibrary.org/obo/GO_0005788	endoplasmic reticulum lumen	http://purl.obolibrary.org/obo/GO_0031974	membrane-enclosed lumen	http://purl.obolibrary.org/obo/GO_0005783	endoplasmic reticulum
http://purl.obolibrary.org/obo/GO_0140534	endoplasmic reticulum protein-containing complex	http://purl.obolibrary.org/obo/GO_0032991	protein-containing complex	http://purl.obolibrary.org/obo/GO_0005783	endoplasmic reticulum
http://purl.obolibrary.org/obo/GO_0098827	endoplasmic reticulum subcompartment	http://purl.obolibrary.org/obo/GO_0031984	organelle subcompartment	http://purl.obolibrary.org/obo/GO_0005783	endoplasmic reticulum
http://purl.obolibrary.org/obo/GO_0000923	equatorial microtubule organizing center	http://purl.obolibrary.org/obo/GO_0005815	microtubule organizing center	http://purl.obolibrary.org/obo/GO_0032153	cell division site
http://purl.obolibrary.org/obo/GO_0062246	exocytic vesicle lumen	http://purl.obolibrary.org/obo/GO_0098566	transport vesicle lumen	http://purl.obolibrary.org/obo/GO_0070382	exocytic vesicle
http://purl.obolibrary.org/obo/GO_0010367	extracellular isoamylase complex	http://purl.obolibrary.org/obo/GO_0043033	isoamylase complex	http://purl.obolibrary.org/obo/GO_0005576	extracellular region
http://purl.obolibrary.org/obo/GO_0065010	extracellular membrane-bounded organelle	http://purl.obolibrary.org/obo/GO_0043227	membrane-bounded organelle	http://purl.obolibrary.org/obo/GO_0005576	extracellular region
http://purl.obolibrary.org/obo/GO_0043264	extracellular non-membrane-bounded organelle	http://purl.obolibrary.org/obo/GO_0043228	non-membrane-bounded organelle	http://purl.obolibrary.org/obo/GO_0005576	extracellular region
http://purl.obolibrary.org/obo/GO_0043230	extracellular organelle	http://purl.obolibrary.org/obo/GO_0043226	organelle	http://purl.obolibrary.org/obo/GO_0005576	extracellular region
http://purl.obolibrary.org/obo/GO_1903561	extracellular vesicle	http://purl.obolibrary.org/obo/GO_0031982	vesicle	http://purl.obolibrary.org/obo/GO_0005576	extracellular region
http://purl.obolibrary.org/obo/GO_0090498	extrinsic component of Golgi membrane	http://purl.obolibrary.org/obo/GO_0019898	extrinsic component of membrane	http://purl.obolibrary.org/obo/GO_0000139	Golgi membrane
http://purl.obolibrary.org/obo/GO_0031244	extrinsic component of cell outer membrane	http://purl.obolibrary.org/obo/GO_0019898	extrinsic component of membrane	http://purl.obolibrary.org/obo/GO_0009279	cell outer membrane
http://purl.obolibrary.org/obo/GO_0031234	extrinsic component of cytoplasmic side of plasma membrane	http://purl.obolibrary.org/obo/GO_0019898	extrinsic component of membrane	http://purl.obolibrary.org/obo/GO_0009898	cytoplasmic side of plasma membrane
http://purl.obolibrary.org/obo/GO_0098922	extrinsic component of dense core granule membrane	http://purl.obolibrary.org/obo/GO_0019898	extrinsic component of membrane	http://purl.obolibrary.org/obo/GO_0032127	dense core granule membrane
http://purl.obolibrary.org/obo/GO_0042406	extrinsic component of endoplasmic reticulum membrane	http://purl.obolibrary.org/obo/GO_0019898	extrinsic component of membrane	http://purl.obolibrary.org/obo/GO_0005789	endoplasmic reticulum membrane
http://purl.obolibrary.org/obo/GO_0031313	extrinsic component of endosome membrane	http://purl.obolibrary.org/obo/GO_0019898	extrinsic component of membrane	http://purl.obolibrary.org/obo/GO_0010008	endosome membrane
http://purl.obolibrary.org/obo/GO_0031242	extrinsic component of external side of cell outer membrane	http://purl.obolibrary.org/obo/GO_0019898	extrinsic component of membrane	http://purl.obolibrary.org/obo/GO_0031240	external side of cell outer membrane
http://purl.obolibrary.org/obo/GO_0036421	extrinsic component of external side of mycolate outer membrane	http://purl.obolibrary.org/obo/GO_0019898	extrinsic component of membrane	http://purl.obolibrary.org/obo/GO_0098568	external side of mycolate outer membrane
http://purl.obolibrary.org/obo/GO_0031232	extrinsic component of external side of plasma membrane	http://purl.obolibrary.org/obo/GO_0019898	extrinsic component of membrane	http://purl.obolibrary.org/obo/GO_0009897	external side of plasma membrane
http://purl.obolibrary.org/obo/GO_0005780	extrinsic component of intraperoxisomal membrane	http://purl.obolibrary.org/obo/GO_0019898	extrinsic component of membrane	http://purl.obolibrary.org/obo/GO_0005778	peroxisomal membrane
http://purl.obolibrary.org/obo/GO_0035450	extrinsic component of lumenal side of plastid thylakoid membrane	http://purl.obolibrary.org/obo/GO_0019898	extrinsic component of membrane	http://purl.obolibrary.org/obo/GO_0098570	stromal side of plastid inner membrane
http://purl.obolibrary.org/obo/GO_0099616	extrinsic component of matrix side of mitochondrial inner membrane	http://purl.obolibrary.org/obo/GO_0019898	extrinsic component of membrane	http://purl.obolibrary.org/obo/GO_0099617	matrix side of mitochondrial inner membrane
http://purl.obolibrary.org/obo/GO_0031314	extrinsic component of mitochondrial inner membrane	http://purl.obolibrary.org/obo/GO_0019898	extrinsic component of membrane	http://purl.obolibrary.org/obo/GO_0005743	mitochondrial inner membrane
http://purl.obolibrary.org/obo/GO_0031315	extrinsic component of mitochondrial outer membrane	http://purl.obolibrary.org/obo/GO_0019898	extrinsic component of membrane	http://purl.obolibrary.org/obo/GO_0005741	mitochondrial outer membrane
http://purl.obolibrary.org/obo/GO_0036420	extrinsic component of mycolate outer membrane	http://purl.obolibrary.org/obo/GO_0019898	extrinsic component of membrane	http://purl.obolibrary.org/obo/GO_0036407	mycolate outer membrane
http://purl.obolibrary.org/obo/GO_0098674	extrinsic component of neuronal dense core vesicle membrane	http://purl.obolibrary.org/obo/GO_0019898	extrinsic component of membrane	http://purl.obolibrary.org/obo/GO_0099012	neuronal dense core vesicle membrane
http://purl.obolibrary.org/obo/GO_0031316	extrinsic component of nuclear outer membrane	http://purl.obolibrary.org/obo/GO_0019898	extrinsic component of membrane	http://purl.obolibrary.org/obo/GO_0005640	nuclear outer membrane
http://purl.obolibrary.org/obo/GO_0097629	extrinsic component of omegasome membrane	http://purl.obolibrary.org/obo/GO_0019898	extrinsic component of membrane	http://purl.obolibrary.org/obo/GO_1903349	omegasome membrane
http://purl.obolibrary.org/obo/GO_0031312	extrinsic component of organelle membrane	http://purl.obolibrary.org/obo/GO_0019898	extrinsic component of membrane	http://purl.obolibrary.org/obo/GO_0031090	organelle membrane
http://purl.obolibrary.org/obo/GO_0031245	extrinsic component of periplasmic side of cell outer membrane	http://purl.obolibrary.org/obo/GO_0031244	extrinsic component of cell outer membrane	http://purl.obolibrary.org/obo/GO_0031241	periplasmic side of cell outer membrane
http://purl.obolibrary.org/obo/GO_0031236	extrinsic component of periplasmic side of plasma membrane	http://purl.obolibrary.org/obo/GO_0019898	extrinsic component of membrane	http://purl.obolibrary.org/obo/GO_0098567	periplasmic side of plasma membrane
http://purl.obolibrary.org/obo/GO_0097632	extrinsic component of phagophore assembly site membrane	http://purl.obolibrary.org/obo/GO_0019898	extrinsic component of membrane	http://purl.obolibrary.org/obo/GO_0034045	phagophore assembly site membrane
http://purl.obolibrary.org/obo/GO_0019897	extrinsic component of plasma membrane	http://purl.obolibrary.org/obo/GO_0019898	extrinsic component of membrane	http://purl.obolibrary.org/obo/GO_0005886	plasma membrane
http://purl.obolibrary.org/obo/GO_0035453	extrinsic component of plastid inner membrane	http://purl.obolibrary.org/obo/GO_0019898	extrinsic component of membrane	http://purl.obolibrary.org/obo/GO_0009528	plastid inner membrane
http://purl.obolibrary.org/obo/GO_0035452	extrinsic component of plastid membrane	http://purl.obolibrary.org/obo/GO_0019898	extrinsic component of membrane	http://purl.obolibrary.org/obo/GO_0042170	plastid membrane
http://purl.obolibrary.org/obo/GO_0035449	extrinsic component of plastid thylakoid membrane	http://purl.obolibrary.org/obo/GO_0019898	extrinsic component of membrane	http://purl.obolibrary.org/obo/GO_0055035	plastid thylakoid membrane
http://purl.obolibrary.org/obo/GO_0099147	extrinsic component of postsynaptic density membrane	http://purl.obolibrary.org/obo/GO_0019898	extrinsic component of membrane	http://purl.obolibrary.org/obo/GO_0098839	postsynaptic density membrane
http://purl.obolibrary.org/obo/GO_0098998	extrinsic component of postsynaptic early endosome membrane	http://purl.obolibrary.org/obo/GO_0019898	extrinsic component of membrane	http://purl.obolibrary.org/obo/GO_0098896	postsynaptic early endosome membrane
http://purl.obolibrary.org/obo/GO_0098893	extrinsic component of postsynaptic endocytic zone	http://purl.obolibrary.org/obo/GO_0019898	extrinsic component of membrane	http://purl.obolibrary.org/obo/GO_0098844	postsynaptic endocytic zone membrane
http://purl.obolibrary.org/obo/GO_0098999	extrinsic component of postsynaptic endosome membrane	http://purl.obolibrary.org/obo/GO_0019898	extrinsic component of membrane	http://purl.obolibrary.org/obo/GO_0098895	postsynaptic endosome membrane
http://purl.obolibrary.org/obo/GO_0098890	extrinsic component of postsynaptic membrane	http://purl.obolibrary.org/obo/GO_0019898	extrinsic component of membrane	http://purl.obolibrary.org/obo/GO_0045211	postsynaptic membrane
http://purl.obolibrary.org/obo/GO_0099005	extrinsic component of postsynaptic recycling endosome membrane	http://purl.obolibrary.org/obo/GO_0019898	extrinsic component of membrane	http://purl.obolibrary.org/obo/GO_0098944	postsynaptic recycling endosome membrane
http://purl.obolibrary.org/obo/GO_0098892	extrinsic component of postsynaptic specialization membrane	http://purl.obolibrary.org/obo/GO_0019898	extrinsic component of membrane	http://purl.obolibrary.org/obo/GO_0099634	postsynaptic specialization membrane
http://purl.obolibrary.org/obo/GO_0098891	extrinsic component of presynaptic active zone membrane	http://purl.obolibrary.org/obo/GO_0019898	extrinsic component of membrane	http://purl.obolibrary.org/obo/GO_0048787	presynaptic active zone membrane
http://purl.obolibrary.org/obo/GO_0098894	extrinsic component of presynaptic endocytic zone membrane	http://purl.obolibrary.org/obo/GO_0019898	extrinsic component of membrane	http://purl.obolibrary.org/obo/GO_0098835	presynaptic endocytic zone membrane
http://purl.obolibrary.org/obo/GO_0099007	extrinsic component of presynaptic endosome membrane	http://purl.obolibrary.org/obo/GO_0019898	extrinsic component of membrane	http://purl.obolibrary.org/obo/GO_0098954	presynaptic endosome membrane
http://purl.obolibrary.org/obo/GO_0098888	extrinsic component of presynaptic membrane	http://purl.obolibrary.org/obo/GO_0019898	extrinsic component of membrane	http://purl.obolibrary.org/obo/GO_0042734	presynaptic membrane
http://purl.obolibrary.org/obo/GO_0035451	extrinsic component of stromal side of plastid thylakoid membrane	http://purl.obolibrary.org/obo/GO_0019898	extrinsic component of membrane	http://purl.obolibrary.org/obo/GO_0098572	stromal side of plastid thylakoid membrane
http://purl.obolibrary.org/obo/GO_0099243	extrinsic component of synaptic membrane	http://purl.obolibrary.org/obo/GO_0019898	extrinsic component of membrane	http://purl.obolibrary.org/obo/GO_0097060	synaptic membrane
http://purl.obolibrary.org/obo/GO_0098850	extrinsic component of synaptic vesicle membrane	http://purl.obolibrary.org/obo/GO_0019898	extrinsic component of membrane	http://purl.obolibrary.org/obo/GO_0030672	synaptic vesicle membrane
http://purl.obolibrary.org/obo/GO_0035448	extrinsic component of thylakoid membrane	http://purl.obolibrary.org/obo/GO_0019898	extrinsic component of membrane	http://purl.obolibrary.org/obo/GO_0042651	thylakoid membrane
http://purl.obolibrary.org/obo/GO_0005583	fibrillar collagen trimer	http://purl.obolibrary.org/obo/GO_0005581	collagen trimer	http://purl.obolibrary.org/obo/GO_0098643	banded collagen fibril
http://purl.obolibrary.org/obo/GO_1904813	ficolin-1-rich granule lumen	http://purl.obolibrary.org/obo/GO_0031974	membrane-enclosed lumen	http://purl.obolibrary.org/obo/GO_0101002	ficolin-1-rich granule
http://purl.obolibrary.org/obo/GO_0032171	germ tube septin cap	http://purl.obolibrary.org/obo/GO_0032159	septin cap	http://purl.obolibrary.org/obo/GO_0032179	germ tube
http://purl.obolibrary.org/obo/GO_0032172	germ tube septin ring	http://purl.obolibrary.org/obo/GO_0005940	septin ring	http://purl.obolibrary.org/obo/GO_0032179	germ tube
http://purl.obolibrary.org/obo/GO_1905506	gerontoplast stroma	http://purl.obolibrary.org/obo/GO_0009532	plastid stroma	http://purl.obolibrary.org/obo/GO_0034400	gerontoplast
http://purl.obolibrary.org/obo/GO_0009515	granal stacked thylakoid	http://purl.obolibrary.org/obo/GO_0009534	chloroplast thylakoid	http://purl.obolibrary.org/obo/GO_0009542	granum
http://purl.obolibrary.org/obo/GO_0061850	growth cone leading edge	http://purl.obolibrary.org/obo/GO_0031252	cell leading edge	http://purl.obolibrary.org/obo/GO_0090725	peripheral region of growth cone
http://purl.obolibrary.org/obo/GO_0044842	gut granule lumen	http://purl.obolibrary.org/obo/GO_0043233	organelle lumen	http://purl.obolibrary.org/obo/GO_0044840	gut granule
http://purl.obolibrary.org/obo/GO_0044841	gut granule membrane	http://purl.obolibrary.org/obo/GO_0031090	organelle membrane	http://purl.obolibrary.org/obo/GO_0044840	gut granule
http://purl.obolibrary.org/obo/GO_0031562	hyphal tip polarisome	http://purl.obolibrary.org/obo/GO_0000133	polarisome	http://purl.obolibrary.org/obo/GO_0001411	hyphal tip
http://purl.obolibrary.org/obo/GO_0098800	inner mitochondrial membrane protein complex	http://purl.obolibrary.org/obo/GO_0032991	protein-containing complex	http://purl.obolibrary.org/obo/GO_0005743	mitochondrial inner membrane
http://purl.obolibrary.org/obo/GO_0043231	intracellular membrane-bounded organelle	http://purl.obolibrary.org/obo/GO_0043227	membrane-bounded organelle	http://purl.obolibrary.org/obo/GO_0005622	intracellular anatomical structure
http://purl.obolibrary.org/obo/GO_0043232	intracellular non-membrane-bounded organelle	http://purl.obolibrary.org/obo/GO_0043228	non-membrane-bounded organelle	http://purl.obolibrary.org/obo/GO_0005622	intracellular anatomical structure
http://purl.obolibrary.org/obo/GO_0043229	intracellular organelle	http://purl.obolibrary.org/obo/GO_0043226	organelle	http://purl.obolibrary.org/obo/GO_0005622	intracellular anatomical structure
http://purl.obolibrary.org/obo/GO_0070013	intracellular organelle lumen	http://purl.obolibrary.org/obo/GO_0031974	membrane-enclosed lumen	http://purl.obolibrary.org/obo/GO_0043229	intracellular organelle
http://purl.obolibrary.org/obo/GO_0097708	intracellular vesicle	http://purl.obolibrary.org/obo/GO_0031982	vesicle	http://purl.obolibrary.org/obo/GO_0005622	intracellular anatomical structure
http://purl.obolibrary.org/obo/GO_1902636	kinociliary basal body	http://purl.obolibrary.org/obo/GO_0036064	ciliary basal body	http://purl.obolibrary.org/obo/GO_0060091	kinocilium
http://purl.obolibrary.org/obo/GO_0005638	lamin filament	http://purl.obolibrary.org/obo/GO_0005882	intermediate filament	http://purl.obolibrary.org/obo/GO_0005652	nuclear lamina
http://purl.obolibrary.org/obo/GO_0097575	lateral cell cortex	http://purl.obolibrary.org/obo/GO_0099738	cell cortex region	http://purl.obolibrary.org/obo/GO_0097574	lateral part of cell
http://purl.obolibrary.org/obo/GO_0061851	leading edge of lamellipodium	http://purl.obolibrary.org/obo/GO_0031252	cell leading edge	http://purl.obolibrary.org/obo/GO_0030027	lamellipodium
http://purl.obolibrary.org/obo/GO_1902671	left anterior basal body	http://purl.obolibrary.org/obo/GO_0036064	ciliary basal body	http://purl.obolibrary.org/obo/GO_0097554	left anterior flagellum
http://purl.obolibrary.org/obo/GO_1902677	left caudal basal body	http://purl.obolibrary.org/obo/GO_0036064	ciliary basal body	http://purl.obolibrary.org/obo/GO_0097560	left caudal flagellum
http://purl.obolibrary.org/obo/GO_1902673	left posteriolateral basal body	http://purl.obolibrary.org/obo/GO_0036064	ciliary basal body	http://purl.obolibrary.org/obo/GO_0097556	left posteriolateral flagellum
http://purl.obolibrary.org/obo/GO_1902675	left ventral basal body	http://purl.obolibrary.org/obo/GO_0036064	ciliary basal body	http://purl.obolibrary.org/obo/GO_0097558	left ventral flagellum
http://purl.obolibrary.org/obo/GO_0014803	longitudinal sarcoplasmic reticulum lumen	http://purl.obolibrary.org/obo/GO_0031974	membrane-enclosed lumen	http://purl.obolibrary.org/obo/GO_0014801	longitudinal sarcoplasmic reticulum
http://purl.obolibrary.org/obo/GO_1902501	lysosomal HOPS complex	http://purl.obolibrary.org/obo/GO_0030897	HOPS complex	http://purl.obolibrary.org/obo/GO_0005765	lysosomal membrane
http://purl.obolibrary.org/obo/GO_0090123	lysosomal glycocalyx	http://purl.obolibrary.org/obo/GO_0030112	glycocalyx	http://purl.obolibrary.org/obo/GO_0005764	lysosome
http://purl.obolibrary.org/obo/GO_0046611	lysosomal proton-transporting V-type ATPase complex	http://purl.obolibrary.org/obo/GO_0033176	proton-transporting V-type ATPase complex	http://purl.obolibrary.org/obo/GO_0005765	lysosomal membrane
http://purl.obolibrary.org/obo/GO_0046610	lysosomal proton-transporting V-type ATPase, V0 domain	http://purl.obolibrary.org/obo/GO_0033179	proton-transporting V-type ATPase, V0 domain	http://purl.obolibrary.org/obo/GO_0005765	lysosomal membrane
http://purl.obolibrary.org/obo/GO_0046612	lysosomal proton-transporting V-type ATPase, V1 domain	http://purl.obolibrary.org/obo/GO_0033180	proton-transporting V-type ATPase, V1 domain	http://purl.obolibrary.org/obo/GO_0005764	lysosome
http://purl.obolibrary.org/obo/GO_0000327	lytic vacuole within protein storage vacuole	http://purl.obolibrary.org/obo/GO_0000323	lytic vacuole	http://purl.obolibrary.org/obo/GO_0000326	protein storage vacuole
http://purl.obolibrary.org/obo/GO_0110145	magnetosome lumen	http://purl.obolibrary.org/obo/GO_0031974	membrane-enclosed lumen	http://purl.obolibrary.org/obo/GO_0110143	magnetosome
http://purl.obolibrary.org/obo/GO_0110146	magnetosome membrane	http://purl.obolibrary.org/obo/GO_0016020	membrane	http://purl.obolibrary.org/obo/GO_0110143	magnetosome
http://purl.obolibrary.org/obo/GO_0032162	mating projection septin band	http://purl.obolibrary.org/obo/GO_0032158	septin band	http://purl.obolibrary.org/obo/GO_0005937	mating projection
http://purl.obolibrary.org/obo/GO_0032175	mating projection septin ring	http://purl.obolibrary.org/obo/GO_0005940	septin ring	http://purl.obolibrary.org/obo/GO_0005937	mating projection
http://purl.obolibrary.org/obo/GO_0043332	mating projection tip	http://purl.obolibrary.org/obo/GO_0030427	site of polarized growth	http://purl.obolibrary.org/obo/GO_0005937	mating projection
http://purl.obolibrary.org/obo/GO_0070867	mating projection tip membrane	http://purl.obolibrary.org/obo/GO_0098590	plasma membrane region	http://purl.obolibrary.org/obo/GO_0043332	mating projection tip
http://purl.obolibrary.org/obo/GO_0031563	mating projection tip polarisome	http://purl.obolibrary.org/obo/GO_0000133	polarisome	http://purl.obolibrary.org/obo/GO_0043332	mating projection tip
http://purl.obolibrary.org/obo/GO_0036391	medial cortex septin ring	http://purl.obolibrary.org/obo/GO_0005940	septin ring	http://purl.obolibrary.org/obo/GO_0031097	medial cortex
http://purl.obolibrary.org/obo/GO_1990574	meiotic spindle astral microtubule	http://purl.obolibrary.org/obo/GO_0000235	astral microtubule	http://purl.obolibrary.org/obo/GO_0072687	meiotic spindle
http://purl.obolibrary.org/obo/GO_0098796	membrane protein complex	http://purl.obolibrary.org/obo/GO_0032991	protein-containing complex	http://purl.obolibrary.org/obo/GO_0016020	membrane
http://purl.obolibrary.org/obo/GO_0097516	microvillar actin bundle	http://purl.obolibrary.org/obo/GO_0097518	parallel actin filament bundle	http://purl.obolibrary.org/obo/GO_0005902	microvillus
http://purl.obolibrary.org/obo/GO_0034245	mitochondrial DNA-directed RNA polymerase complex	http://purl.obolibrary.org/obo/GO_0000428	DNA-directed RNA polymerase complex	http://purl.obolibrary.org/obo/GO_0005739	mitochondrion
http://purl.obolibrary.org/obo/GO_0000262	mitochondrial chromosome	http://purl.obolibrary.org/obo/GO_0005694	chromosome	http://purl.obolibrary.org/obo/GO_0005739	mitochondrion
http://purl.obolibrary.org/obo/GO_0002187	mitochondrial creatine kinase complex	http://purl.obolibrary.org/obo/GO_0002185	creatine kinase complex	http://purl.obolibrary.org/obo/GO_0005739	mitochondrion
http://purl.obolibrary.org/obo/GO_0017133	mitochondrial electron transfer flavoprotein complex	http://purl.obolibrary.org/obo/GO_0045251	electron transfer flavoprotein complex	http://purl.obolibrary.org/obo/GO_0005739	mitochondrion
http://purl.obolibrary.org/obo/GO_0009841	mitochondrial endopeptidase Clp complex	http://purl.obolibrary.org/obo/GO_0009368	endopeptidase Clp complex	http://purl.obolibrary.org/obo/GO_0005739	mitochondrion
http://purl.obolibrary.org/obo/GO_0016507	mitochondrial fatty acid beta-oxidation multienzyme complex	http://purl.obolibrary.org/obo/GO_0036125	fatty acid beta-oxidation multienzyme complex	http://purl.obolibrary.org/obo/GO_0005739	mitochondrion
http://purl.obolibrary.org/obo/GO_0043294	mitochondrial glutamate synthase complex (NADH)	http://purl.obolibrary.org/obo/GO_0031027	glutamate synthase complex (NADH)	http://purl.obolibrary.org/obo/GO_0005739	mitochondrion
http://purl.obolibrary.org/obo/GO_0005962	mitochondrial isocitrate dehydrogenase complex (NAD+)	http://purl.obolibrary.org/obo/GO_0045242	isocitrate dehydrogenase complex (NAD+)	http://purl.obolibrary.org/obo/GO_0005739	mitochondrion
http://purl.obolibrary.org/obo/GO_0005762	mitochondrial large ribosomal subunit	http://purl.obolibrary.org/obo/GO_0015934	large ribosomal subunit	http://purl.obolibrary.org/obo/GO_0005761	mitochondrial ribosome
http://purl.obolibrary.org/obo/GO_0031019	mitochondrial mRNA editing complex	http://purl.obolibrary.org/obo/GO_0045293	mRNA editing complex	http://purl.obolibrary.org/obo/GO_0005739	mitochondrion
http://purl.obolibrary.org/obo/GO_0031966	mitochondrial membrane	http://purl.obolibrary.org/obo/GO_0016020	membrane	http://purl.obolibrary.org/obo/GO_0005739	mitochondrion
http://purl.obolibrary.org/obo/GO_0042645	mitochondrial nucleoid	http://purl.obolibrary.org/obo/GO_0009295	nucleoid	http://purl.obolibrary.org/obo/GO_0005739	mitochondrion
http://purl.obolibrary.org/obo/GO_0009353	mitochondrial oxoglutarate dehydrogenase complex	http://purl.obolibrary.org/obo/GO_0045252	oxoglutarate dehydrogenase complex	http://purl.obolibrary.org/obo/GO_0005739	mitochondrion
http://purl.obolibrary.org/obo/GO_0098798	mitochondrial protein-containing complex	http://purl.obolibrary.org/obo/GO_0032991	protein-containing complex	http://purl.obolibrary.org/obo/GO_0005739	mitochondrion
http://purl.obolibrary.org/obo/GO_0005753	mitochondrial proton-transporting ATP synthase complex	http://purl.obolibrary.org/obo/GO_0045259	proton-transporting ATP synthase complex	http://purl.obolibrary.org/obo/GO_0005739	mitochondrion
http://purl.obolibrary.org/obo/GO_0000275	mitochondrial proton-transporting ATP synthase complex, catalytic sector F(1)	http://purl.obolibrary.org/obo/GO_0045261	proton-transporting ATP synthase complex, catalytic core F(1)	http://purl.obolibrary.org/obo/GO_0005739	mitochondrion
http://purl.obolibrary.org/obo/GO_0000276	mitochondrial proton-transporting ATP synthase complex, coupling factor F(o)	http://purl.obolibrary.org/obo/GO_0045263	proton-transporting ATP synthase complex, coupling factor F(o)	http://purl.obolibrary.org/obo/GO_0005739	mitochondrion
http://purl.obolibrary.org/obo/GO_0005754	mitochondrial proton-transporting ATP synthase, catalytic core	http://purl.obolibrary.org/obo/GO_0045267	proton-transporting ATP synthase, catalytic core	http://purl.obolibrary.org/obo/GO_0005739	mitochondrion
http://purl.obolibrary.org/obo/GO_0005756	mitochondrial proton-transporting ATP synthase, central stalk	http://purl.obolibrary.org/obo/GO_0045269	proton-transporting ATP synthase, central stalk	http://purl.obolibrary.org/obo/GO_0005739	mitochondrion
http://purl.obolibrary.org/obo/GO_0000274	mitochondrial proton-transporting ATP synthase, stator stalk	http://purl.obolibrary.org/obo/GO_0045265	proton-transporting ATP synthase, stator stalk	http://purl.obolibrary.org/obo/GO_0005739	mitochondrion
http://purl.obolibrary.org/obo/GO_0019910	mitochondrial pyruvate dehydrogenase (lipoamide) phosphatase complex	http://purl.obolibrary.org/obo/GO_0045253	pyruvate dehydrogenase (lipoamide) phosphatase complex	http://purl.obolibrary.org/obo/GO_0005739	mitochondrion
http://purl.obolibrary.org/obo/GO_0005967	mitochondrial pyruvate dehydrogenase complex	http://purl.obolibrary.org/obo/GO_0045254	pyruvate dehydrogenase complex	http://purl.obolibrary.org/obo/GO_0005739	mitochondrion
http://purl.obolibrary.org/obo/GO_0005746	mitochondrial respirasome	http://purl.obolibrary.org/obo/GO_0070469	respirasome	http://purl.obolibrary.org/obo/GO_0005743	mitochondrial inner membrane
http://purl.obolibrary.org/obo/GO_0005747	mitochondrial respiratory chain complex I	http://purl.obolibrary.org/obo/GO_0045271	respiratory chain complex I	http://purl.obolibrary.org/obo/GO_0005739	mitochondrion
http://purl.obolibrary.org/obo/GO_0005749	mitochondrial respiratory chain complex II, succinate dehydrogenase complex (ubiquinone)	http://purl.obolibrary.org/obo/GO_0045283	fumarate reductase complex	http://purl.obolibrary.org/obo/GO_0005739	mitochondrion
http://purl.obolibrary.org/obo/GO_0005750	mitochondrial respiratory chain complex III	http://purl.obolibrary.org/obo/GO_0045275	respiratory chain complex III	http://purl.obolibrary.org/obo/GO_0005739	mitochondrion
http://purl.obolibrary.org/obo/GO_0005751	mitochondrial respiratory chain complex IV	http://purl.obolibrary.org/obo/GO_0045277	respiratory chain complex IV	http://purl.obolibrary.org/obo/GO_0005739	mitochondrion
http://purl.obolibrary.org/obo/GO_0030678	mitochondrial ribonuclease P complex	http://purl.obolibrary.org/obo/GO_0030677	ribonuclease P complex	http://purl.obolibrary.org/obo/GO_0005739	mitochondrion
http://purl.obolibrary.org/obo/GO_0005761	mitochondrial ribosome	http://purl.obolibrary.org/obo/GO_0005840	ribosome	http://purl.obolibrary.org/obo/GO_0005759	mitochondrial matrix
http://purl.obolibrary.org/obo/GO_0005763	mitochondrial small ribosomal subunit	http://purl.obolibrary.org/obo/GO_0015935	small ribosomal subunit	http://purl.obolibrary.org/obo/GO_0005761	mitochondrial ribosome
http://purl.obolibrary.org/obo/GO_0030062	mitochondrial tricarboxylic acid cycle enzyme complex	http://purl.obolibrary.org/obo/GO_0045239	tricarboxylic acid cycle enzyme complex	http://purl.obolibrary.org/obo/GO_0005739	mitochondrion
http://purl.obolibrary.org/obo/GO_0061673	mitotic spindle astral microtubule	http://purl.obolibrary.org/obo/GO_0000235	astral microtubule	http://purl.obolibrary.org/obo/GO_0072686	mitotic spindle
http://purl.obolibrary.org/obo/GO_1905721	mitotic spindle astral microtubule end	http://purl.obolibrary.org/obo/GO_1990752	microtubule end	http://purl.obolibrary.org/obo/GO_0061673	mitotic spindle astral microtubule
http://purl.obolibrary.org/obo/GO_1902502	multivesicular body HOPS complex	http://purl.obolibrary.org/obo/GO_0030897	HOPS complex	http://purl.obolibrary.org/obo/GO_0032585	multivesicular body membrane
http://purl.obolibrary.org/obo/GO_0097482	muscle cell postsynaptic specialization	http://purl.obolibrary.org/obo/GO_0099572	postsynaptic specialization	http://purl.obolibrary.org/obo/GO_0098975	postsynapse of neuromuscular junction
http://purl.obolibrary.org/obo/GO_0036195	muscle cell projection membrane	http://purl.obolibrary.org/obo/GO_0031253	cell projection membrane	http://purl.obolibrary.org/obo/GO_0036194	muscle cell projection
http://purl.obolibrary.org/obo/GO_0005859	muscle myosin complex	http://purl.obolibrary.org/obo/GO_0016460	myosin II complex	http://purl.obolibrary.org/obo/GO_0043292	contractile fiber
http://purl.obolibrary.org/obo/GO_0098642	network-forming collagen trimer	http://purl.obolibrary.org/obo/GO_0005581	collagen trimer	http://purl.obolibrary.org/obo/GO_0098645	collagen network
http://purl.obolibrary.org/obo/GO_0120111	neuron projection cytoplasm	http://purl.obolibrary.org/obo/GO_0005737	cytoplasm	http://purl.obolibrary.org/obo/GO_0043005	neuron projection
http://purl.obolibrary.org/obo/GO_0099013	neuronal dense core vesicle lumen	http://purl.obolibrary.org/obo/GO_0060205	cytoplasmic vesicle lumen	http://purl.obolibrary.org/obo/GO_0098992	neuronal dense core vesicle
http://purl.obolibrary.org/obo/GO_0043599	nuclear DNA replication factor C complex	http://purl.obolibrary.org/obo/GO_0005663	DNA replication factor C complex	http://purl.obolibrary.org/obo/GO_0005634	nucleus
http://purl.obolibrary.org/obo/GO_0055029	nuclear DNA-directed RNA polymerase complex	http://purl.obolibrary.org/obo/GO_0000428	DNA-directed RNA polymerase complex	http://purl.obolibrary.org/obo/GO_0005634	nucleus
http://purl.obolibrary.org/obo/GO_0043224	nuclear SCF ubiquitin ligase complex	http://purl.obolibrary.org/obo/GO_0019005	SCF ubiquitin ligase complex	http://purl.obolibrary.org/obo/GO_0005634	nucleus
http://purl.obolibrary.org/obo/GO_0034753	nuclear aryl hydrocarbon receptor complex	http://purl.obolibrary.org/obo/GO_0034751	aryl hydrocarbon receptor complex	http://purl.obolibrary.org/obo/GO_0005634	nucleus
http://purl.obolibrary.org/obo/GO_0000228	nuclear chromosome	http://purl.obolibrary.org/obo/GO_0005694	chromosome	http://purl.obolibrary.org/obo/GO_0005634	nucleus
http://purl.obolibrary.org/obo/GO_0019908	nuclear cyclin-dependent protein kinase holoenzyme complex	http://purl.obolibrary.org/obo/GO_0000307	cyclin-dependent protein kinase holoenzyme complex	http://purl.obolibrary.org/obo/GO_0005634	nucleus
http://purl.obolibrary.org/obo/GO_0000176	nuclear exosome (RNase complex)	http://purl.obolibrary.org/obo/GO_0000178	exosome (RNase complex)	http://purl.obolibrary.org/obo/GO_0005634	nucleus
http://purl.obolibrary.org/obo/GO_0042405	nuclear inclusion body	http://purl.obolibrary.org/obo/GO_0016234	inclusion body	http://purl.obolibrary.org/obo/GO_0005634	nucleus
http://purl.obolibrary.org/obo/GO_0031965	nuclear membrane	http://purl.obolibrary.org/obo/GO_0016020	membrane	http://purl.obolibrary.org/obo/GO_0005634	nucleus
http://purl.obolibrary.org/obo/GO_0005880	nuclear microtubule	http://purl.obolibrary.org/obo/GO_0005874	microtubule	http://purl.obolibrary.org/obo/GO_0005634	nucleus
http://purl.obolibrary.org/obo/GO_0140513	nuclear protein-containing complex	http://purl.obolibrary.org/obo/GO_0032991	protein-containing complex	http://purl.obolibrary.org/obo/GO_0005634	nucleus
http://purl.obolibrary.org/obo/GO_0043596	nuclear replication fork	http://purl.obolibrary.org/obo/GO_0005657	replication fork	http://purl.obolibrary.org/obo/GO_0005634	nucleus
http://purl.obolibrary.org/obo/GO_0000152	nuclear ubiquitin ligase complex	http://purl.obolibrary.org/obo/GO_0000151	ubiquitin ligase complex	http://purl.obolibrary.org/obo/GO_0005634	nucleus
http://purl.obolibrary.org/obo/GO_0039715	nuclear viral factory	http://purl.obolibrary.org/obo/GO_0039713	viral factory	http://purl.obolibrary.org/obo/GO_0042025	host cell nucleus
http://purl.obolibrary.org/obo/GO_0101019	nucleolar exosome (RNase complex)	http://purl.obolibrary.org/obo/GO_0000178	exosome (RNase complex)	http://purl.obolibrary.org/obo/GO_0005730	nucleolus
http://purl.obolibrary.org/obo/GO_0030685	nucleolar preribosome	http://purl.obolibrary.org/obo/GO_0030684	preribosome	http://purl.obolibrary.org/obo/GO_0005730	nucleolus
http://purl.obolibrary.org/obo/GO_0005655	nucleolar ribonuclease P complex	http://purl.obolibrary.org/obo/GO_0030677	ribonuclease P complex	http://purl.obolibrary.org/obo/GO_0005730	nucleolus
http://purl.obolibrary.org/obo/GO_0070112	organellar chromatophore membrane	http://purl.obolibrary.org/obo/GO_0016020	membrane	http://purl.obolibrary.org/obo/GO_0070111	organellar chromatophore
http://purl.obolibrary.org/obo/GO_0070116	organellar chromatophore thylakoid	http://purl.obolibrary.org/obo/GO_0009579	thylakoid	http://purl.obolibrary.org/obo/GO_0070111	organellar chromatophore
http://purl.obolibrary.org/obo/GO_0000315	organellar large ribosomal subunit	http://purl.obolibrary.org/obo/GO_0015934	large ribosomal subunit	http://purl.obolibrary.org/obo/GO_0000313	organellar ribosome
http://purl.obolibrary.org/obo/GO_0000313	organellar ribosome	http://purl.obolibrary.org/obo/GO_0005840	ribosome	http://purl.obolibrary.org/obo/GO_0043226	organelle
http://purl.obolibrary.org/obo/GO_0000314	organellar small ribosomal subunit	http://purl.obolibrary.org/obo/GO_0015935	small ribosomal subunit	http://purl.obolibrary.org/obo/GO_0000313	organellar ribosome
http://purl.obolibrary.org/obo/GO_0043233	organelle lumen	http://purl.obolibrary.org/obo/GO_0031974	membrane-enclosed lumen	http://purl.obolibrary.org/obo/GO_0043226	organelle
http://purl.obolibrary.org/obo/GO_0031090	organelle membrane	http://purl.obolibrary.org/obo/GO_0016020	membrane	http://purl.obolibrary.org/obo/GO_0043227	membrane-bounded organelle
http://purl.obolibrary.org/obo/GO_0043594	outer endospore membrane	http://purl.obolibrary.org/obo/GO_0019867	outer membrane	http://purl.obolibrary.org/obo/GO_0043591	endospore external encapsulating structure
http://purl.obolibrary.org/obo/GO_0098799	outer mitochondrial membrane protein complex	http://purl.obolibrary.org/obo/GO_0032991	protein-containing complex	http://purl.obolibrary.org/obo/GO_0005741	mitochondrial outer membrane
http://purl.obolibrary.org/obo/GO_0005721	pericentric heterochromatin	http://purl.obolibrary.org/obo/GO_0000792	heterochromatin	http://purl.obolibrary.org/obo/GO_0000775	chromosome, centromeric region
http://purl.obolibrary.org/obo/GO_0099020	perinuclear endoplasmic reticulum lumen	http://purl.obolibrary.org/obo/GO_0031974	membrane-enclosed lumen	http://purl.obolibrary.org/obo/GO_0097038	perinuclear endoplasmic reticulum
http://purl.obolibrary.org/obo/GO_1990578	perinuclear endoplasmic reticulum membrane	http://purl.obolibrary.org/obo/GO_0016020	membrane	http://purl.obolibrary.org/obo/GO_0097038	perinuclear endoplasmic reticulum
http://purl.obolibrary.org/obo/GO_0097013	phagocytic vesicle lumen	http://purl.obolibrary.org/obo/GO_0031974	membrane-enclosed lumen	http://purl.obolibrary.org/obo/GO_0045335	phagocytic vesicle
http://purl.obolibrary.org/obo/GO_0032838	plasma membrane bounded cell projection cytoplasm	http://purl.obolibrary.org/obo/GO_0005737	cytoplasm	http://purl.obolibrary.org/obo/GO_0120025	plasma membrane bounded cell projection
http://purl.obolibrary.org/obo/GO_0045284	plasma membrane fumarate reductase complex	http://purl.obolibrary.org/obo/GO_0045283	fumarate reductase complex	http://purl.obolibrary.org/obo/GO_0005886	plasma membrane
http://purl.obolibrary.org/obo/GO_0031520	plasma membrane of cell tip	http://purl.obolibrary.org/obo/GO_0098590	plasma membrane region	http://purl.obolibrary.org/obo/GO_0051286	cell tip
http://purl.obolibrary.org/obo/GO_1902929	plasma membrane of growing cell tip	http://purl.obolibrary.org/obo/GO_0098590	plasma membrane region	http://purl.obolibrary.org/obo/GO_0035838	growing cell tip
http://purl.obolibrary.org/obo/GO_0098797	plasma membrane protein complex	http://purl.obolibrary.org/obo/GO_0032991	protein-containing complex	http://purl.obolibrary.org/obo/GO_0005886	plasma membrane
http://purl.obolibrary.org/obo/GO_0045260	plasma membrane proton-transporting ATP synthase complex	http://purl.obolibrary.org/obo/GO_0045259	proton-transporting ATP synthase complex	http://purl.obolibrary.org/obo/GO_0005886	plasma membrane
http://purl.obolibrary.org/obo/GO_0045262	plasma membrane proton-transporting ATP synthase complex, catalytic core F(1)	http://purl.obolibrary.org/obo/GO_0045261	proton-transporting ATP synthase complex, catalytic core F(1)	http://purl.obolibrary.org/obo/GO_0005886	plasma membrane
http://purl.obolibrary.org/obo/GO_0045264	plasma membrane proton-transporting ATP synthase complex, coupling factor F(o)	http://purl.obolibrary.org/obo/GO_0045263	proton-transporting ATP synthase complex, coupling factor F(o)	http://purl.obolibrary.org/obo/GO_0005886	plasma membrane
http://purl.obolibrary.org/obo/GO_0045268	plasma membrane proton-transporting ATP synthase, catalytic core	http://purl.obolibrary.org/obo/GO_0045267	proton-transporting ATP synthase, catalytic core	http://purl.obolibrary.org/obo/GO_0005886	plasma membrane
http://purl.obolibrary.org/obo/GO_0045270	plasma membrane proton-transporting ATP synthase, central stalk	http://purl.obolibrary.org/obo/GO_0045269	proton-transporting ATP synthase, central stalk	http://purl.obolibrary.org/obo/GO_0005886	plasma membrane
http://purl.obolibrary.org/obo/GO_0045266	plasma membrane proton-transporting ATP synthase, stator stalk	http://purl.obolibrary.org/obo/GO_0045265	proton-transporting ATP synthase, stator stalk	http://purl.obolibrary.org/obo/GO_0005886	plasma membrane
http://purl.obolibrary.org/obo/GO_0033181	plasma membrane proton-transporting V-type ATPase complex	http://purl.obolibrary.org/obo/GO_0033176	proton-transporting V-type ATPase complex	http://purl.obolibrary.org/obo/GO_0005886	plasma membrane
http://purl.obolibrary.org/obo/GO_0000222	plasma membrane proton-transporting V-type ATPase, V0 domain	http://purl.obolibrary.org/obo/GO_0033179	proton-transporting V-type ATPase, V0 domain	http://purl.obolibrary.org/obo/GO_0005886	plasma membrane
http://purl.obolibrary.org/obo/GO_0000223	plasma membrane proton-transporting V-type ATPase, V1 domain	http://purl.obolibrary.org/obo/GO_0033180	proton-transporting V-type ATPase, V1 domain	http://purl.obolibrary.org/obo/GO_0005886	plasma membrane
http://purl.obolibrary.org/obo/GO_0044853	plasma membrane raft	http://purl.obolibrary.org/obo/GO_0045121	membrane raft	http://purl.obolibrary.org/obo/GO_0005886	plasma membrane
http://purl.obolibrary.org/obo/GO_0098590	plasma membrane region	http://purl.obolibrary.org/obo/GO_0016020	membrane	http://purl.obolibrary.org/obo/GO_0005886	plasma membrane
http://purl.obolibrary.org/obo/GO_0045272	plasma membrane respiratory chain complex I	http://purl.obolibrary.org/obo/GO_0045271	respiratory chain complex I	http://purl.obolibrary.org/obo/GO_0005886	plasma membrane
http://purl.obolibrary.org/obo/GO_0045274	plasma membrane respiratory chain complex II	http://purl.obolibrary.org/obo/GO_0045273	respiratory chain complex II	http://purl.obolibrary.org/obo/GO_0005886	plasma membrane
http://purl.obolibrary.org/obo/GO_0045276	plasma membrane respiratory chain complex III	http://purl.obolibrary.org/obo/GO_0045275	respiratory chain complex III	http://purl.obolibrary.org/obo/GO_0005886	plasma membrane
http://purl.obolibrary.org/obo/GO_0045278	plasma membrane respiratory chain complex IV	http://purl.obolibrary.org/obo/GO_0045277	respiratory chain complex IV	http://purl.obolibrary.org/obo/GO_0005886	plasma membrane
http://purl.obolibrary.org/obo/GO_0045282	plasma membrane succinate dehydrogenase complex	http://purl.obolibrary.org/obo/GO_0045281	succinate dehydrogenase complex	http://purl.obolibrary.org/obo/GO_0005886	plasma membrane
http://purl.obolibrary.org/obo/GO_0045258	plasma membrane succinate dehydrogenase complex (ubiquinone)	http://purl.obolibrary.org/obo/GO_0045257	succinate dehydrogenase complex (ubiquinone)	http://purl.obolibrary.org/obo/GO_0005886	plasma membrane
http://purl.obolibrary.org/obo/GO_0030094	plasma membrane-derived photosystem I	http://purl.obolibrary.org/obo/GO_0009522	photosystem I	http://purl.obolibrary.org/obo/GO_0005886	plasma membrane
http://purl.obolibrary.org/obo/GO_0030096	plasma membrane-derived thylakoid photosystem II	http://purl.obolibrary.org/obo/GO_0009523	photosystem II	http://purl.obolibrary.org/obo/GO_0030075	bacterial thylakoid
http://purl.obolibrary.org/obo/GO_0048493	plasma membrane-derived thylakoid ribulose bisphosphate carboxylase complex	http://purl.obolibrary.org/obo/GO_0048492	ribulose bisphosphate carboxylase complex	http://purl.obolibrary.org/obo/GO_0030075	bacterial thylakoid
http://purl.obolibrary.org/obo/GO_0031009	plastid ADPG pyrophosphorylase complex	http://purl.obolibrary.org/obo/GO_0030929	ADPG pyrophosphorylase complex	http://purl.obolibrary.org/obo/GO_0009536	plastid
http://purl.obolibrary.org/obo/GO_0009508	plastid chromosome	http://purl.obolibrary.org/obo/GO_0005694	chromosome	http://purl.obolibrary.org/obo/GO_0009536	plastid
http://purl.obolibrary.org/obo/GO_0000311	plastid large ribosomal subunit	http://purl.obolibrary.org/obo/GO_0015934	large ribosomal subunit	http://purl.obolibrary.org/obo/GO_0009547	plastid ribosome
http://purl.obolibrary.org/obo/GO_0031020	plastid mRNA editing complex	http://purl.obolibrary.org/obo/GO_0045293	mRNA editing complex	http://purl.obolibrary.org/obo/GO_0009536	plastid
http://purl.obolibrary.org/obo/GO_0042170	plastid membrane	http://purl.obolibrary.org/obo/GO_0016020	membrane	http://purl.obolibrary.org/obo/GO_0009536	plastid
http://purl.obolibrary.org/obo/GO_0042646	plastid nucleoid	http://purl.obolibrary.org/obo/GO_0009295	nucleoid	http://purl.obolibrary.org/obo/GO_0009536	plastid
http://purl.obolibrary.org/obo/GO_0010240	plastid pyruvate dehydrogenase complex	http://purl.obolibrary.org/obo/GO_0045254	pyruvate dehydrogenase complex	http://purl.obolibrary.org/obo/GO_0009536	plastid
http://purl.obolibrary.org/obo/GO_0009547	plastid ribosome	http://purl.obolibrary.org/obo/GO_0005840	ribosome	http://purl.obolibrary.org/obo/GO_0009536	plastid
http://purl.obolibrary.org/obo/GO_0000312	plastid small ribosomal subunit	http://purl.obolibrary.org/obo/GO_0015935	small ribosomal subunit	http://purl.obolibrary.org/obo/GO_0009547	plastid ribosome
http://purl.obolibrary.org/obo/GO_0031976	plastid thylakoid	http://purl.obolibrary.org/obo/GO_0009579	thylakoid	http://purl.obolibrary.org/obo/GO_0009536	plastid
http://purl.obolibrary.org/obo/GO_0055035	plastid thylakoid membrane	http://purl.obolibrary.org/obo/GO_0016020	membrane	http://purl.obolibrary.org/obo/GO_0031976	plastid thylakoid
http://purl.obolibrary.org/obo/GO_0000427	plastid-encoded plastid RNA polymerase complex	http://purl.obolibrary.org/obo/GO_0000428	DNA-directed RNA polymerase complex	http://purl.obolibrary.org/obo/GO_0009536	plastid
http://purl.obolibrary.org/obo/GO_0005827	polar microtubule	http://purl.obolibrary.org/obo/GO_0005876	spindle microtubule	http://purl.obolibrary.org/obo/GO_0000922	spindle pole
http://purl.obolibrary.org/obo/GO_0005701	polytene chromosome chromocenter	http://purl.obolibrary.org/obo/GO_0010369	chromocenter	http://purl.obolibrary.org/obo/GO_0005700	polytene chromosome
http://purl.obolibrary.org/obo/GO_1905759	post-anaphase array microtubule	http://purl.obolibrary.org/obo/GO_0005874	microtubule	http://purl.obolibrary.org/obo/GO_1990295	post-anaphase microtubule array
http://purl.obolibrary.org/obo/GO_1905760	post-anaphase array microtubule end	http://purl.obolibrary.org/obo/GO_1990752	microtubule end	http://purl.obolibrary.org/obo/GO_1905759	post-anaphase array microtubule
http://purl.obolibrary.org/obo/GO_0098871	postsynaptic actin cytoskeleton	http://purl.obolibrary.org/obo/GO_0015629	actin cytoskeleton	http://purl.obolibrary.org/obo/GO_0098794	postsynapse
http://purl.obolibrary.org/obo/GO_0099571	postsynaptic cytoskeleton	http://purl.obolibrary.org/obo/GO_0005856	cytoskeleton	http://purl.obolibrary.org/obo/GO_0098794	postsynapse
http://purl.obolibrary.org/obo/GO_0014069	postsynaptic density	http://purl.obolibrary.org/obo/GO_0099572	postsynaptic specialization	http://purl.obolibrary.org/obo/GO_0032279	asymmetric synapse
http://purl.obolibrary.org/obo/GO_0099092	postsynaptic density, intracellular component	http://purl.obolibrary.org/obo/GO_0043228	non-membrane-bounded organelle	http://purl.obolibrary.org/obo/GO_0014069	postsynaptic density
http://purl.obolibrary.org/obo/GO_0098842	postsynaptic early endosome	http://purl.obolibrary.org/obo/GO_0005769	early endosome	http://purl.obolibrary.org/obo/GO_0098794	postsynapse
http://purl.obolibrary.org/obo/GO_0098845	postsynaptic endosome	http://purl.obolibrary.org/obo/GO_0005768	endosome	http://purl.obolibrary.org/obo/GO_0098794	postsynapse
http://purl.obolibrary.org/obo/GO_0099160	postsynaptic intermediate filament cytoskeleton	http://purl.obolibrary.org/obo/GO_0045111	intermediate filament cytoskeleton	http://purl.obolibrary.org/obo/GO_0098794	postsynapse
http://purl.obolibrary.org/obo/GO_0098837	postsynaptic recycling endosome	http://purl.obolibrary.org/obo/GO_0055037	recycling endosome	http://purl.obolibrary.org/obo/GO_0098794	postsynapse
http://purl.obolibrary.org/obo/GO_0099629	postsynaptic specialization of symmetric synapse	http://purl.obolibrary.org/obo/GO_0099572	postsynaptic specialization	http://purl.obolibrary.org/obo/GO_0032280	symmetric synapse
http://purl.obolibrary.org/obo/GO_0099165	postsynaptic specialization of symmetric synapse, intracellular component	http://purl.obolibrary.org/obo/GO_0043228	non-membrane-bounded organelle	http://purl.obolibrary.org/obo/GO_0099629	postsynaptic specialization of symmetric synapse
http://purl.obolibrary.org/obo/GO_0099091	postsynaptic specialization, intracellular component	http://purl.obolibrary.org/obo/GO_0043226	organelle	http://purl.obolibrary.org/obo/GO_0099572	postsynaptic specialization
http://purl.obolibrary.org/obo/GO_0099189	postsynaptic spectrin-associated cytoskeleton	http://purl.obolibrary.org/obo/GO_0014731	spectrin-associated cytoskeleton	http://purl.obolibrary.org/obo/GO_0098794	postsynapse
http://purl.obolibrary.org/obo/GO_0099143	presynaptic actin cytoskeleton	http://purl.obolibrary.org/obo/GO_0015629	actin cytoskeleton	http://purl.obolibrary.org/obo/GO_0098793	presynapse
http://purl.obolibrary.org/obo/GO_0099569	presynaptic cytoskeleton	http://purl.obolibrary.org/obo/GO_0005856	cytoskeleton	http://purl.obolibrary.org/obo/GO_0098793	presynapse
http://purl.obolibrary.org/obo/GO_0099182	presynaptic intermediate filament cytoskeleton	http://purl.obolibrary.org/obo/GO_0045111	intermediate filament cytoskeleton	http://purl.obolibrary.org/obo/GO_0098793	presynapse
http://purl.obolibrary.org/obo/GO_0042647	proplastid nucleoid	http://purl.obolibrary.org/obo/GO_0009295	nucleoid	http://purl.obolibrary.org/obo/GO_0009537	proplastid
http://purl.obolibrary.org/obo/GO_0032157	prospore contractile ring	http://purl.obolibrary.org/obo/GO_0005826	actomyosin contractile ring	http://purl.obolibrary.org/obo/GO_0042764	ascospore-type prospore
http://purl.obolibrary.org/obo/GO_0032169	prospore septin ring	http://purl.obolibrary.org/obo/GO_0005940	septin ring	http://purl.obolibrary.org/obo/GO_0042764	ascospore-type prospore
http://purl.obolibrary.org/obo/GO_0120340	radial spoke base 1	http://purl.obolibrary.org/obo/GO_0120339	radial spoke base	http://purl.obolibrary.org/obo/GO_0120333	radial spoke 1
http://purl.obolibrary.org/obo/GO_0120341	radial spoke base 2	http://purl.obolibrary.org/obo/GO_0120339	radial spoke base	http://purl.obolibrary.org/obo/GO_0120334	radial spoke 2
http://purl.obolibrary.org/obo/GO_0120342	radial spoke base 3	http://purl.obolibrary.org/obo/GO_0120339	radial spoke base	http://purl.obolibrary.org/obo/GO_0120335	radial spoke 3
http://purl.obolibrary.org/obo/GO_0120336	radial spoke head 1	http://purl.obolibrary.org/obo/GO_0001535	radial spoke head	http://purl.obolibrary.org/obo/GO_0120333	radial spoke 1
http://purl.obolibrary.org/obo/GO_0120337	radial spoke head 2	http://purl.obolibrary.org/obo/GO_0001535	radial spoke head	http://purl.obolibrary.org/obo/GO_0120334	radial spoke 2
http://purl.obolibrary.org/obo/GO_0120338	radial spoke head 3	http://purl.obolibrary.org/obo/GO_0001535	radial spoke head	http://purl.obolibrary.org/obo/GO_0120335	radial spoke 3
http://purl.obolibrary.org/obo/GO_0098803	respiratory chain complex	http://purl.obolibrary.org/obo/GO_0032991	protein-containing complex	http://purl.obolibrary.org/obo/GO_0070469	respirasome
http://purl.obolibrary.org/obo/GO_1902672	right anterior basal body	http://purl.obolibrary.org/obo/GO_0036064	ciliary basal body	http://purl.obolibrary.org/obo/GO_0097555	right anterior flagellum
http://purl.obolibrary.org/obo/GO_1902678	right caudal basal body	http://purl.obolibrary.org/obo/GO_0036064	ciliary basal body	http://purl.obolibrary.org/obo/GO_0097561	right caudal flagellum
http://purl.obolibrary.org/obo/GO_1902674	right posteriolateral basal body	http://purl.obolibrary.org/obo/GO_0036064	ciliary basal body	http://purl.obolibrary.org/obo/GO_0097557	right posteriolateral flagellum
http://purl.obolibrary.org/obo/GO_1902676	right ventral basal body	http://purl.obolibrary.org/obo/GO_0036064	ciliary basal body	http://purl.obolibrary.org/obo/GO_0097559	right ventral flagellum
http://purl.obolibrary.org/obo/GO_0035619	root hair tip	http://purl.obolibrary.org/obo/GO_0051286	cell tip	http://purl.obolibrary.org/obo/GO_0035618	root hair
http://purl.obolibrary.org/obo/GO_0048237	rough endoplasmic reticulum lumen	http://purl.obolibrary.org/obo/GO_0031974	membrane-enclosed lumen	http://purl.obolibrary.org/obo/GO_0005791	rough endoplasmic reticulum
http://purl.obolibrary.org/obo/GO_0033018	sarcoplasmic reticulum lumen	http://purl.obolibrary.org/obo/GO_0031974	membrane-enclosed lumen	http://purl.obolibrary.org/obo/GO_0016529	sarcoplasmic reticulum
http://purl.obolibrary.org/obo/GO_0034774	secretory granule lumen	http://purl.obolibrary.org/obo/GO_0060205	cytoplasmic vesicle lumen	http://purl.obolibrary.org/obo/GO_0030141	secretory granule
http://purl.obolibrary.org/obo/GO_0001739	sex chromatin	http://purl.obolibrary.org/obo/GO_0000792	heterochromatin	http://purl.obolibrary.org/obo/GO_0000803	sex chromosome
http://purl.obolibrary.org/obo/GO_0030935	sheet-forming collagen trimer	http://purl.obolibrary.org/obo/GO_0005581	collagen trimer	http://purl.obolibrary.org/obo/GO_0098646	collagen sheet
http://purl.obolibrary.org/obo/GO_0048238	smooth endoplasmic reticulum lumen	http://purl.obolibrary.org/obo/GO_0031974	membrane-enclosed lumen	http://purl.obolibrary.org/obo/GO_0005790	smooth endoplasmic reticulum
http://purl.obolibrary.org/obo/GO_1990913	sperm head plasma membrane	http://purl.obolibrary.org/obo/GO_0098590	plasma membrane region	http://purl.obolibrary.org/obo/GO_0061827	sperm head
http://purl.obolibrary.org/obo/GO_0005876	spindle microtubule	http://purl.obolibrary.org/obo/GO_0005874	microtubule	http://purl.obolibrary.org/obo/GO_0005819	spindle
http://purl.obolibrary.org/obo/GO_0031616	spindle pole centrosome	http://purl.obolibrary.org/obo/GO_0005813	centrosome	http://purl.obolibrary.org/obo/GO_0000922	spindle pole
http://purl.obolibrary.org/obo/GO_0098899	spine apparatus lumen	http://purl.obolibrary.org/obo/GO_0060205	cytoplasmic vesicle lumen	http://purl.obolibrary.org/obo/GO_0097444	spine apparatus
http://purl.obolibrary.org/obo/GO_0140720	subtelomeric heterochromatin	http://purl.obolibrary.org/obo/GO_0000792	heterochromatin	http://purl.obolibrary.org/obo/GO_0099115	chromosome, subtelomeric region
http://purl.obolibrary.org/obo/GO_0097060	synaptic membrane	http://purl.obolibrary.org/obo/GO_0098590	plasma membrane region	http://purl.obolibrary.org/obo/GO_0045202	synapse
http://purl.obolibrary.org/obo/GO_0034592	synaptic vesicle lumen	http://purl.obolibrary.org/obo/GO_0060205	cytoplasmic vesicle lumen	http://purl.obolibrary.org/obo/GO_0008021	synaptic vesicle
http://purl.obolibrary.org/obo/GO_0014804	terminal cisterna lumen	http://purl.obolibrary.org/obo/GO_0031974	membrane-enclosed lumen	http://purl.obolibrary.org/obo/GO_0014802	terminal cisterna
http://purl.obolibrary.org/obo/GO_1904724	tertiary granule lumen	http://purl.obolibrary.org/obo/GO_0031974	membrane-enclosed lumen	http://purl.obolibrary.org/obo/GO_0070820	tertiary granule
http://purl.obolibrary.org/obo/GO_0009503	thylakoid light-harvesting complex	http://purl.obolibrary.org/obo/GO_0030076	light-harvesting complex	http://purl.obolibrary.org/obo/GO_0009535	chloroplast thylakoid membrane
http://purl.obolibrary.org/obo/GO_0030936	transmembrane collagen trimer	http://purl.obolibrary.org/obo/GO_0005581	collagen trimer	http://purl.obolibrary.org/obo/GO_0005886	plasma membrane
http://purl.obolibrary.org/obo/GO_0001931	uropod	http://purl.obolibrary.org/obo/GO_0120025	plasma membrane bounded cell projection	http://purl.obolibrary.org/obo/GO_0031254	cell trailing edge
http://purl.obolibrary.org/obo/GO_1902500	vacuolar HOPS complex	http://purl.obolibrary.org/obo/GO_0030897	HOPS complex	http://purl.obolibrary.org/obo/GO_0005774	vacuolar membrane
http://purl.obolibrary.org/obo/GO_0005775	vacuolar lumen	http://purl.obolibrary.org/obo/GO_0031974	membrane-enclosed lumen	http://purl.obolibrary.org/obo/GO_0005773	vacuole
http://purl.obolibrary.org/obo/GO_0016471	vacuolar proton-transporting V-type ATPase complex	http://purl.obolibrary.org/obo/GO_0033176	proton-transporting V-type ATPase complex	http://purl.obolibrary.org/obo/GO_0005774	vacuolar membrane
http://purl.obolibrary.org/obo/GO_0000220	vacuolar proton-transporting V-type ATPase, V0 domain	http://purl.obolibrary.org/obo/GO_0033179	proton-transporting V-type ATPase, V0 domain	http://purl.obolibrary.org/obo/GO_0005774	vacuolar membrane
http://purl.obolibrary.org/obo/GO_0000221	vacuolar proton-transporting V-type ATPase, V1 domain	http://purl.obolibrary.org/obo/GO_0033180	proton-transporting V-type ATPase, V1 domain	http://purl.obolibrary.org/obo/GO_0005773	vacuole
http://purl.obolibrary.org/obo/GO_0012506	vesicle membrane	http://purl.obolibrary.org/obo/GO_0016020	membrane	http://purl.obolibrary.org/obo/GO_0031982	vesicle
