defined_class	defined_class_label	input1	input1_label	input2	input2_label
http://purl.obolibrary.org/obo/GO_0015649	2-keto-3-deoxygluconate:proton symporter activity	http://purl.obolibrary.org/obo/CHEBI_15378	hydron	http://purl.obolibrary.org/obo/CHEBI_57990	2-dehydro-3-deoxy-D-gluconate
http://purl.obolibrary.org/obo/GO_0015649	2-keto-3-deoxygluconate:proton symporter activity	http://purl.obolibrary.org/obo/CHEBI_57990	2-dehydro-3-deoxy-D-gluconate	http://purl.obolibrary.org/obo/CHEBI_15378	hydron
http://purl.obolibrary.org/obo/GO_0015540	3-hydroxyphenyl propionate:proton symporter activity	http://purl.obolibrary.org/obo/CHEBI_15378	hydron	http://purl.obolibrary.org/obo/CHEBI_65228	3-hydroxyphenyl propanoate
http://purl.obolibrary.org/obo/GO_0015540	3-hydroxyphenyl propionate:proton symporter activity	http://purl.obolibrary.org/obo/CHEBI_65228	3-hydroxyphenyl propanoate	http://purl.obolibrary.org/obo/CHEBI_15378	hydron
http://purl.obolibrary.org/obo/GO_0055055	D-glucose:proton symporter activity	http://purl.obolibrary.org/obo/CHEBI_15378	hydron	http://purl.obolibrary.org/obo/CHEBI_17634	D-glucose
http://purl.obolibrary.org/obo/GO_0055055	D-glucose:proton symporter activity	http://purl.obolibrary.org/obo/CHEBI_17634	D-glucose	http://purl.obolibrary.org/obo/CHEBI_15378	hydron
http://purl.obolibrary.org/obo/GO_0015519	D-xylose:proton symporter activity	http://purl.obolibrary.org/obo/CHEBI_15378	hydron	http://purl.obolibrary.org/obo/CHEBI_15936	aldehydo-D-xylose
http://purl.obolibrary.org/obo/GO_0015519	D-xylose:proton symporter activity	http://purl.obolibrary.org/obo/CHEBI_15936	aldehydo-D-xylose	http://purl.obolibrary.org/obo/CHEBI_15378	hydron
http://purl.obolibrary.org/obo/GO_0008520	L-ascorbate:sodium symporter activity	http://purl.obolibrary.org/obo/CHEBI_29101	sodium(1+)	http://purl.obolibrary.org/obo/CHEBI_38290	L-ascorbate
http://purl.obolibrary.org/obo/GO_0008520	L-ascorbate:sodium symporter activity	http://purl.obolibrary.org/obo/CHEBI_38290	L-ascorbate	http://purl.obolibrary.org/obo/CHEBI_29101	sodium(1+)
http://purl.obolibrary.org/obo/GO_0140901	L-asparagine:sodium symporter activity	http://purl.obolibrary.org/obo/CHEBI_58048	L-asparagine zwitterion	http://purl.obolibrary.org/obo/CHEBI_66916	alanine zwitterion
http://purl.obolibrary.org/obo/GO_0140901	L-asparagine:sodium symporter activity	http://purl.obolibrary.org/obo/CHEBI_66916	alanine zwitterion	http://purl.obolibrary.org/obo/CHEBI_58048	L-asparagine zwitterion
http://purl.obolibrary.org/obo/GO_0140902	L-glutamine:sodium symporter activity	http://purl.obolibrary.org/obo/CHEBI_58359	L-glutamine zwitterion	http://purl.obolibrary.org/obo/CHEBI_66916	alanine zwitterion
http://purl.obolibrary.org/obo/GO_0140902	L-glutamine:sodium symporter activity	http://purl.obolibrary.org/obo/CHEBI_66916	alanine zwitterion	http://purl.obolibrary.org/obo/CHEBI_58359	L-glutamine zwitterion
http://purl.obolibrary.org/obo/GO_0043893	acetate:monoatomic cation symporter activity	http://purl.obolibrary.org/obo/CHEBI_23906	monoatomic cation	http://purl.obolibrary.org/obo/CHEBI_30089	acetate
http://purl.obolibrary.org/obo/GO_0043893	acetate:monoatomic cation symporter activity	http://purl.obolibrary.org/obo/CHEBI_30089	acetate	http://purl.obolibrary.org/obo/CHEBI_23906	monoatomic cation
http://purl.obolibrary.org/obo/GO_0015360	acetate:proton symporter activity	http://purl.obolibrary.org/obo/CHEBI_15378	hydron	http://purl.obolibrary.org/obo/CHEBI_30089	acetate
http://purl.obolibrary.org/obo/GO_0015360	acetate:proton symporter activity	http://purl.obolibrary.org/obo/CHEBI_30089	acetate	http://purl.obolibrary.org/obo/CHEBI_15378	hydron
http://purl.obolibrary.org/obo/GO_0015655	alanine:sodium symporter activity	http://purl.obolibrary.org/obo/CHEBI_29101	sodium(1+)	http://purl.obolibrary.org/obo/CHEBI_66916	alanine zwitterion
http://purl.obolibrary.org/obo/GO_0015655	alanine:sodium symporter activity	http://purl.obolibrary.org/obo/CHEBI_66916	alanine zwitterion	http://purl.obolibrary.org/obo/CHEBI_29101	sodium(1+)
http://purl.obolibrary.org/obo/GO_0005274	allantoin:proton symporter activity	http://purl.obolibrary.org/obo/CHEBI_15378	hydron	http://purl.obolibrary.org/obo/CHEBI_15676	allantoin
http://purl.obolibrary.org/obo/GO_0005274	allantoin:proton symporter activity	http://purl.obolibrary.org/obo/CHEBI_15676	allantoin	http://purl.obolibrary.org/obo/CHEBI_15378	hydron
http://purl.obolibrary.org/obo/GO_0005352	alpha-glucoside:proton symporter activity	http://purl.obolibrary.org/obo/CHEBI_15378	hydron	http://purl.obolibrary.org/obo/CHEBI_60979	alpha-glucoside
http://purl.obolibrary.org/obo/GO_0005352	alpha-glucoside:proton symporter activity	http://purl.obolibrary.org/obo/CHEBI_60979	alpha-glucoside	http://purl.obolibrary.org/obo/CHEBI_15378	hydron
http://purl.obolibrary.org/obo/GO_0015532	alpha-ketoglutarate:proton symporter activity	http://purl.obolibrary.org/obo/CHEBI_15378	hydron	http://purl.obolibrary.org/obo/CHEBI_16810	2-oxoglutarate(2-)
http://purl.obolibrary.org/obo/GO_0015532	alpha-ketoglutarate:proton symporter activity	http://purl.obolibrary.org/obo/CHEBI_16810	2-oxoglutarate(2-)	http://purl.obolibrary.org/obo/CHEBI_15378	hydron
http://purl.obolibrary.org/obo/GO_0005416	amino acid:monoatomic cation symporter activity	http://purl.obolibrary.org/obo/CHEBI_23906	monoatomic cation	http://purl.obolibrary.org/obo/CHEBI_33709	amino acid
http://purl.obolibrary.org/obo/GO_0005416	amino acid:monoatomic cation symporter activity	http://purl.obolibrary.org/obo/CHEBI_33709	amino acid	http://purl.obolibrary.org/obo/CHEBI_23906	monoatomic cation
http://purl.obolibrary.org/obo/GO_0017032	amino acid:potassium symporter activity	http://purl.obolibrary.org/obo/CHEBI_29103	potassium(1+)	http://purl.obolibrary.org/obo/CHEBI_33709	amino acid
http://purl.obolibrary.org/obo/GO_0017032	amino acid:potassium symporter activity	http://purl.obolibrary.org/obo/CHEBI_33709	amino acid	http://purl.obolibrary.org/obo/CHEBI_29103	potassium(1+)
http://purl.obolibrary.org/obo/GO_0005280	amino acid:proton symporter activity	http://purl.obolibrary.org/obo/CHEBI_15378	hydron	http://purl.obolibrary.org/obo/CHEBI_33709	amino acid
http://purl.obolibrary.org/obo/GO_0005280	amino acid:proton symporter activity	http://purl.obolibrary.org/obo/CHEBI_33709	amino acid	http://purl.obolibrary.org/obo/CHEBI_15378	hydron
http://purl.obolibrary.org/obo/GO_0005283	amino acid:sodium symporter activity	http://purl.obolibrary.org/obo/CHEBI_29101	sodium(1+)	http://purl.obolibrary.org/obo/CHEBI_33709	amino acid
http://purl.obolibrary.org/obo/GO_0005283	amino acid:sodium symporter activity	http://purl.obolibrary.org/obo/CHEBI_33709	amino acid	http://purl.obolibrary.org/obo/CHEBI_29101	sodium(1+)
http://purl.obolibrary.org/obo/GO_0015518	arabinose:proton symporter activity	http://purl.obolibrary.org/obo/CHEBI_15378	hydron	http://purl.obolibrary.org/obo/CHEBI_22599	arabinose
http://purl.obolibrary.org/obo/GO_0015518	arabinose:proton symporter activity	http://purl.obolibrary.org/obo/CHEBI_22599	arabinose	http://purl.obolibrary.org/obo/CHEBI_15378	hydron
http://purl.obolibrary.org/obo/GO_0015494	aromatic amino acid:proton symporter activity	http://purl.obolibrary.org/obo/CHEBI_15378	hydron	http://purl.obolibrary.org/obo/CHEBI_33856	aromatic amino acid
http://purl.obolibrary.org/obo/GO_0015494	aromatic amino acid:proton symporter activity	http://purl.obolibrary.org/obo/CHEBI_33856	aromatic amino acid	http://purl.obolibrary.org/obo/CHEBI_15378	hydron
http://purl.obolibrary.org/obo/GO_0009672	auxin:proton symporter activity	http://purl.obolibrary.org/obo/CHEBI_15378	hydron	http://purl.obolibrary.org/obo/GOCHE_22676	substance with auxin role
http://purl.obolibrary.org/obo/GO_0009672	auxin:proton symporter activity	http://purl.obolibrary.org/obo/GOCHE_22676	substance with auxin role	http://purl.obolibrary.org/obo/CHEBI_15378	hydron
http://purl.obolibrary.org/obo/GO_0008508	bile acid:sodium symporter activity	http://purl.obolibrary.org/obo/CHEBI_29101	sodium(1+)	http://purl.obolibrary.org/obo/CHEBI_3098	bile acid
http://purl.obolibrary.org/obo/GO_0008508	bile acid:sodium symporter activity	http://purl.obolibrary.org/obo/CHEBI_3098	bile acid	http://purl.obolibrary.org/obo/CHEBI_29101	sodium(1+)
http://purl.obolibrary.org/obo/GO_0015657	branched-chain amino acid:sodium symporter activity	http://purl.obolibrary.org/obo/CHEBI_22918	branched-chain amino acid	http://purl.obolibrary.org/obo/CHEBI_29101	sodium(1+)
http://purl.obolibrary.org/obo/GO_0015657	branched-chain amino acid:sodium symporter activity	http://purl.obolibrary.org/obo/CHEBI_29101	sodium(1+)	http://purl.obolibrary.org/obo/CHEBI_22918	branched-chain amino acid
http://purl.obolibrary.org/obo/GO_0005402	carbohydrate:monoatomic cation symporter activity	http://purl.obolibrary.org/obo/CHEBI_16646	carbohydrate	http://purl.obolibrary.org/obo/CHEBI_23906	monoatomic cation
http://purl.obolibrary.org/obo/GO_0005402	carbohydrate:monoatomic cation symporter activity	http://purl.obolibrary.org/obo/CHEBI_23906	monoatomic cation	http://purl.obolibrary.org/obo/CHEBI_16646	carbohydrate
http://purl.obolibrary.org/obo/GO_0005351	carbohydrate:proton symporter activity	http://purl.obolibrary.org/obo/CHEBI_15378	hydron	http://purl.obolibrary.org/obo/CHEBI_16646	carbohydrate
http://purl.obolibrary.org/obo/GO_0005351	carbohydrate:proton symporter activity	http://purl.obolibrary.org/obo/CHEBI_16646	carbohydrate	http://purl.obolibrary.org/obo/CHEBI_15378	hydron
http://purl.obolibrary.org/obo/GO_0015377	chloride:monoatomic cation symporter activity	http://purl.obolibrary.org/obo/CHEBI_17996	chloride	http://purl.obolibrary.org/obo/CHEBI_23906	monoatomic cation
http://purl.obolibrary.org/obo/GO_0015377	chloride:monoatomic cation symporter activity	http://purl.obolibrary.org/obo/CHEBI_23906	monoatomic cation	http://purl.obolibrary.org/obo/CHEBI_17996	chloride
http://purl.obolibrary.org/obo/GO_0005307	choline:sodium symporter activity	http://purl.obolibrary.org/obo/CHEBI_15354	choline	http://purl.obolibrary.org/obo/CHEBI_29101	sodium(1+)
http://purl.obolibrary.org/obo/GO_0005307	choline:sodium symporter activity	http://purl.obolibrary.org/obo/CHEBI_29101	sodium(1+)	http://purl.obolibrary.org/obo/CHEBI_15354	choline
http://purl.obolibrary.org/obo/GO_0015531	citrate:proton symporter activity	http://purl.obolibrary.org/obo/CHEBI_15378	hydron	http://purl.obolibrary.org/obo/CHEBI_16947	citrate(3-)
http://purl.obolibrary.org/obo/GO_0015531	citrate:proton symporter activity	http://purl.obolibrary.org/obo/CHEBI_16947	citrate(3-)	http://purl.obolibrary.org/obo/CHEBI_15378	hydron
http://purl.obolibrary.org/obo/GO_0005309	creatine:sodium symporter activity	http://purl.obolibrary.org/obo/CHEBI_29101	sodium(1+)	http://purl.obolibrary.org/obo/CHEBI_57947	creatine zwitterion
http://purl.obolibrary.org/obo/GO_0005309	creatine:sodium symporter activity	http://purl.obolibrary.org/obo/CHEBI_57947	creatine zwitterion	http://purl.obolibrary.org/obo/CHEBI_29101	sodium(1+)
http://purl.obolibrary.org/obo/GO_0015345	ferric enterobactin:proton symporter activity	http://purl.obolibrary.org/obo/CHEBI_15378	hydron	http://purl.obolibrary.org/obo/CHEBI_28199	ferrienterobactin(3-)
http://purl.obolibrary.org/obo/GO_0015345	ferric enterobactin:proton symporter activity	http://purl.obolibrary.org/obo/CHEBI_28199	ferrienterobactin(3-)	http://purl.obolibrary.org/obo/CHEBI_15378	hydron
http://purl.obolibrary.org/obo/GO_0140211	folic acid:proton symporter activity	http://purl.obolibrary.org/obo/CHEBI_15378	hydron	http://purl.obolibrary.org/obo/CHEBI_62501	folate(2-)
http://purl.obolibrary.org/obo/GO_0140211	folic acid:proton symporter activity	http://purl.obolibrary.org/obo/CHEBI_62501	folate(2-)	http://purl.obolibrary.org/obo/CHEBI_15378	hydron
http://purl.obolibrary.org/obo/GO_0055054	fructose:proton symporter activity	http://purl.obolibrary.org/obo/CHEBI_15378	hydron	http://purl.obolibrary.org/obo/CHEBI_28757	fructose
http://purl.obolibrary.org/obo/GO_0055054	fructose:proton symporter activity	http://purl.obolibrary.org/obo/CHEBI_28757	fructose	http://purl.obolibrary.org/obo/CHEBI_15378	hydron
http://purl.obolibrary.org/obo/GO_0140930	fructose:sodium symporter activity	http://purl.obolibrary.org/obo/CHEBI_15824	D-fructose	http://purl.obolibrary.org/obo/CHEBI_29101	sodium(1+)
http://purl.obolibrary.org/obo/GO_0140930	fructose:sodium symporter activity	http://purl.obolibrary.org/obo/CHEBI_29101	sodium(1+)	http://purl.obolibrary.org/obo/CHEBI_15824	D-fructose
http://purl.obolibrary.org/obo/GO_0015535	fucose:proton symporter activity	http://purl.obolibrary.org/obo/CHEBI_15378	hydron	http://purl.obolibrary.org/obo/CHEBI_33984	fucose
http://purl.obolibrary.org/obo/GO_0015535	fucose:proton symporter activity	http://purl.obolibrary.org/obo/CHEBI_33984	fucose	http://purl.obolibrary.org/obo/CHEBI_15378	hydron
http://purl.obolibrary.org/obo/GO_0015517	galactose:proton symporter activity	http://purl.obolibrary.org/obo/CHEBI_15378	hydron	http://purl.obolibrary.org/obo/CHEBI_28260	galactose
http://purl.obolibrary.org/obo/GO_0015517	galactose:proton symporter activity	http://purl.obolibrary.org/obo/CHEBI_28260	galactose	http://purl.obolibrary.org/obo/CHEBI_15378	hydron
http://purl.obolibrary.org/obo/GO_0015371	galactose:sodium symporter activity	http://purl.obolibrary.org/obo/CHEBI_28260	galactose	http://purl.obolibrary.org/obo/CHEBI_29101	sodium(1+)
http://purl.obolibrary.org/obo/GO_0015371	galactose:sodium symporter activity	http://purl.obolibrary.org/obo/CHEBI_29101	sodium(1+)	http://purl.obolibrary.org/obo/CHEBI_28260	galactose
http://purl.obolibrary.org/obo/GO_0015495	gamma-aminobutyric acid:proton symporter activity	http://purl.obolibrary.org/obo/CHEBI_15378	hydron	http://purl.obolibrary.org/obo/CHEBI_59888	gamma-aminobutyric acid zwitterion
http://purl.obolibrary.org/obo/GO_0015495	gamma-aminobutyric acid:proton symporter activity	http://purl.obolibrary.org/obo/CHEBI_59888	gamma-aminobutyric acid zwitterion	http://purl.obolibrary.org/obo/CHEBI_15378	hydron
http://purl.obolibrary.org/obo/GO_0005356	glucose:proton symporter activity	http://purl.obolibrary.org/obo/CHEBI_15378	hydron	http://purl.obolibrary.org/obo/CHEBI_4167	D-glucopyranose
http://purl.obolibrary.org/obo/GO_0005356	glucose:proton symporter activity	http://purl.obolibrary.org/obo/CHEBI_4167	D-glucopyranose	http://purl.obolibrary.org/obo/CHEBI_15378	hydron
http://purl.obolibrary.org/obo/GO_0005412	glucose:sodium symporter activity	http://purl.obolibrary.org/obo/CHEBI_29101	sodium(1+)	http://purl.obolibrary.org/obo/CHEBI_4167	D-glucopyranose
http://purl.obolibrary.org/obo/GO_0005412	glucose:sodium symporter activity	http://purl.obolibrary.org/obo/CHEBI_4167	D-glucopyranose	http://purl.obolibrary.org/obo/CHEBI_29101	sodium(1+)
http://purl.obolibrary.org/obo/GO_0090448	glucosinolate:proton symporter activity	http://purl.obolibrary.org/obo/CHEBI_15378	hydron	http://purl.obolibrary.org/obo/CHEBI_24279	glucosinolate
http://purl.obolibrary.org/obo/GO_0090448	glucosinolate:proton symporter activity	http://purl.obolibrary.org/obo/CHEBI_24279	glucosinolate	http://purl.obolibrary.org/obo/CHEBI_15378	hydron
http://purl.obolibrary.org/obo/GO_0015501	glutamate:sodium symporter activity	http://purl.obolibrary.org/obo/CHEBI_14321	glutamate(1-)	http://purl.obolibrary.org/obo/CHEBI_29101	sodium(1+)
http://purl.obolibrary.org/obo/GO_0015501	glutamate:sodium symporter activity	http://purl.obolibrary.org/obo/CHEBI_29101	sodium(1+)	http://purl.obolibrary.org/obo/CHEBI_14321	glutamate(1-)
http://purl.obolibrary.org/obo/GO_0015653	glycine betaine:proton symporter activity	http://purl.obolibrary.org/obo/CHEBI_15378	hydron	http://purl.obolibrary.org/obo/CHEBI_17750	glycine betaine
http://purl.obolibrary.org/obo/GO_0015653	glycine betaine:proton symporter activity	http://purl.obolibrary.org/obo/CHEBI_17750	glycine betaine	http://purl.obolibrary.org/obo/CHEBI_15378	hydron
http://purl.obolibrary.org/obo/GO_0015375	glycine:sodium symporter activity	http://purl.obolibrary.org/obo/CHEBI_29101	sodium(1+)	http://purl.obolibrary.org/obo/CHEBI_57305	glycine zwitterion
http://purl.obolibrary.org/obo/GO_0015375	glycine:sodium symporter activity	http://purl.obolibrary.org/obo/CHEBI_57305	glycine zwitterion	http://purl.obolibrary.org/obo/CHEBI_29101	sodium(1+)
http://purl.obolibrary.org/obo/GO_0009679	hexose:proton symporter activity	http://purl.obolibrary.org/obo/CHEBI_15378	hydron	http://purl.obolibrary.org/obo/CHEBI_18133	hexose
http://purl.obolibrary.org/obo/GO_0009679	hexose:proton symporter activity	http://purl.obolibrary.org/obo/CHEBI_18133	hexose	http://purl.obolibrary.org/obo/CHEBI_15378	hydron
http://purl.obolibrary.org/obo/GO_0015539	hexuronate:monoatomic cation symporter activity	http://purl.obolibrary.org/obo/CHEBI_23906	monoatomic cation	http://purl.obolibrary.org/obo/CHEBI_24591	hexuronate
http://purl.obolibrary.org/obo/GO_0015539	hexuronate:monoatomic cation symporter activity	http://purl.obolibrary.org/obo/CHEBI_24591	hexuronate	http://purl.obolibrary.org/obo/CHEBI_23906	monoatomic cation
http://purl.obolibrary.org/obo/GO_0015650	lactate:proton symporter activity	http://purl.obolibrary.org/obo/CHEBI_15378	hydron	http://purl.obolibrary.org/obo/CHEBI_24996	lactate
http://purl.obolibrary.org/obo/GO_0015650	lactate:proton symporter activity	http://purl.obolibrary.org/obo/CHEBI_24996	lactate	http://purl.obolibrary.org/obo/CHEBI_15378	hydron
http://purl.obolibrary.org/obo/GO_0015528	lactose:proton symporter activity	http://purl.obolibrary.org/obo/CHEBI_15378	hydron	http://purl.obolibrary.org/obo/CHEBI_17716	lactose
http://purl.obolibrary.org/obo/GO_0015528	lactose:proton symporter activity	http://purl.obolibrary.org/obo/CHEBI_17716	lactose	http://purl.obolibrary.org/obo/CHEBI_15378	hydron
http://purl.obolibrary.org/obo/GO_0015493	lysine:proton symporter activity	http://purl.obolibrary.org/obo/CHEBI_15378	hydron	http://purl.obolibrary.org/obo/CHEBI_32564	lysinium(1+)
http://purl.obolibrary.org/obo/GO_0015493	lysine:proton symporter activity	http://purl.obolibrary.org/obo/CHEBI_32564	lysinium(1+)	http://purl.obolibrary.org/obo/CHEBI_15378	hydron
http://purl.obolibrary.org/obo/GO_0051978	lysophospholipid:sodium symporter activity	http://purl.obolibrary.org/obo/CHEBI_16961	monoacylglycerol phosphate	http://purl.obolibrary.org/obo/CHEBI_29101	sodium(1+)
http://purl.obolibrary.org/obo/GO_0051978	lysophospholipid:sodium symporter activity	http://purl.obolibrary.org/obo/CHEBI_29101	sodium(1+)	http://purl.obolibrary.org/obo/CHEBI_16961	monoacylglycerol phosphate
http://purl.obolibrary.org/obo/GO_0015366	malate:proton symporter activity	http://purl.obolibrary.org/obo/CHEBI_15378	hydron	http://purl.obolibrary.org/obo/CHEBI_15595	malate(2-)
http://purl.obolibrary.org/obo/GO_0015366	malate:proton symporter activity	http://purl.obolibrary.org/obo/CHEBI_15595	malate(2-)	http://purl.obolibrary.org/obo/CHEBI_15378	hydron
http://purl.obolibrary.org/obo/GO_0043882	malate:sodium symporter activity	http://purl.obolibrary.org/obo/CHEBI_15595	malate(2-)	http://purl.obolibrary.org/obo/CHEBI_29101	sodium(1+)
http://purl.obolibrary.org/obo/GO_0043882	malate:sodium symporter activity	http://purl.obolibrary.org/obo/CHEBI_29101	sodium(1+)	http://purl.obolibrary.org/obo/CHEBI_15595	malate(2-)
http://purl.obolibrary.org/obo/GO_0005364	maltose:proton symporter activity	http://purl.obolibrary.org/obo/CHEBI_15378	hydron	http://purl.obolibrary.org/obo/CHEBI_17306	maltose
http://purl.obolibrary.org/obo/GO_0005364	maltose:proton symporter activity	http://purl.obolibrary.org/obo/CHEBI_17306	maltose	http://purl.obolibrary.org/obo/CHEBI_15378	hydron
http://purl.obolibrary.org/obo/GO_0055053	mannose:proton symporter activity	http://purl.obolibrary.org/obo/CHEBI_15378	hydron	http://purl.obolibrary.org/obo/CHEBI_37684	mannose
http://purl.obolibrary.org/obo/GO_0055053	mannose:proton symporter activity	http://purl.obolibrary.org/obo/CHEBI_37684	mannose	http://purl.obolibrary.org/obo/CHEBI_15378	hydron
http://purl.obolibrary.org/obo/GO_0140929	mannose:sodium symporter activity	http://purl.obolibrary.org/obo/CHEBI_16024	D-mannose	http://purl.obolibrary.org/obo/CHEBI_29101	sodium(1+)
http://purl.obolibrary.org/obo/GO_0140929	mannose:sodium symporter activity	http://purl.obolibrary.org/obo/CHEBI_29101	sodium(1+)	http://purl.obolibrary.org/obo/CHEBI_16024	D-mannose
http://purl.obolibrary.org/obo/GO_0015487	melibiose:monoatomic cation symporter activity	http://purl.obolibrary.org/obo/CHEBI_23906	monoatomic cation	http://purl.obolibrary.org/obo/CHEBI_28053	melibiose
http://purl.obolibrary.org/obo/GO_0015487	melibiose:monoatomic cation symporter activity	http://purl.obolibrary.org/obo/CHEBI_28053	melibiose	http://purl.obolibrary.org/obo/CHEBI_23906	monoatomic cation
http://purl.obolibrary.org/obo/GO_0043887	melibiose:sodium symporter activity	http://purl.obolibrary.org/obo/CHEBI_28053	melibiose	http://purl.obolibrary.org/obo/CHEBI_29101	sodium(1+)
http://purl.obolibrary.org/obo/GO_0043887	melibiose:sodium symporter activity	http://purl.obolibrary.org/obo/CHEBI_29101	sodium(1+)	http://purl.obolibrary.org/obo/CHEBI_28053	melibiose
http://purl.obolibrary.org/obo/GO_0015296	monoatomic anion:monoatomic cation symporter activity	http://purl.obolibrary.org/obo/CHEBI_23905	monoatomic anion	http://purl.obolibrary.org/obo/CHEBI_23906	monoatomic cation
http://purl.obolibrary.org/obo/GO_0015296	monoatomic anion:monoatomic cation symporter activity	http://purl.obolibrary.org/obo/CHEBI_23906	monoatomic cation	http://purl.obolibrary.org/obo/CHEBI_23905	monoatomic anion
http://purl.obolibrary.org/obo/GO_0015373	monoatomic anion:sodium symporter activity	http://purl.obolibrary.org/obo/CHEBI_23905	monoatomic anion	http://purl.obolibrary.org/obo/CHEBI_29101	sodium(1+)
http://purl.obolibrary.org/obo/GO_0015373	monoatomic anion:sodium symporter activity	http://purl.obolibrary.org/obo/CHEBI_29101	sodium(1+)	http://purl.obolibrary.org/obo/CHEBI_23905	monoatomic anion
http://purl.obolibrary.org/obo/GO_0140410	monoatomic cation:bicarbonate symporter activity	http://purl.obolibrary.org/obo/CHEBI_17544	hydrogencarbonate	http://purl.obolibrary.org/obo/CHEBI_23906	monoatomic cation
http://purl.obolibrary.org/obo/GO_0140410	monoatomic cation:bicarbonate symporter activity	http://purl.obolibrary.org/obo/CHEBI_23906	monoatomic cation	http://purl.obolibrary.org/obo/CHEBI_17544	hydrogencarbonate
http://purl.obolibrary.org/obo/GO_0140161	monocarboxylate:sodium symporter activity	http://purl.obolibrary.org/obo/CHEBI_25384	monocarboxylic acid	http://purl.obolibrary.org/obo/CHEBI_29101	sodium(1+)
http://purl.obolibrary.org/obo/GO_0140161	monocarboxylate:sodium symporter activity	http://purl.obolibrary.org/obo/CHEBI_29101	sodium(1+)	http://purl.obolibrary.org/obo/CHEBI_25384	monocarboxylic acid
http://purl.obolibrary.org/obo/GO_0005366	myo-inositol:proton symporter activity	http://purl.obolibrary.org/obo/CHEBI_15378	hydron	http://purl.obolibrary.org/obo/CHEBI_17268	myo-inositol
http://purl.obolibrary.org/obo/GO_0005366	myo-inositol:proton symporter activity	http://purl.obolibrary.org/obo/CHEBI_17268	myo-inositol	http://purl.obolibrary.org/obo/CHEBI_15378	hydron
http://purl.obolibrary.org/obo/GO_0005367	myo-inositol:sodium symporter activity	http://purl.obolibrary.org/obo/CHEBI_17268	myo-inositol	http://purl.obolibrary.org/obo/CHEBI_29101	sodium(1+)
http://purl.obolibrary.org/obo/GO_0005367	myo-inositol:sodium symporter activity	http://purl.obolibrary.org/obo/CHEBI_29101	sodium(1+)	http://purl.obolibrary.org/obo/CHEBI_17268	myo-inositol
http://purl.obolibrary.org/obo/GO_0005328	neurotransmitter:sodium symporter activity	http://purl.obolibrary.org/obo/CHEBI_29101	sodium(1+)	http://purl.obolibrary.org/obo/GOCHE_25512	substance with neurotransmitter role
http://purl.obolibrary.org/obo/GO_0005328	neurotransmitter:sodium symporter activity	http://purl.obolibrary.org/obo/GOCHE_25512	substance with neurotransmitter role	http://purl.obolibrary.org/obo/CHEBI_29101	sodium(1+)
http://purl.obolibrary.org/obo/GO_0009671	nitrate:proton symporter activity	http://purl.obolibrary.org/obo/CHEBI_15378	hydron	http://purl.obolibrary.org/obo/CHEBI_17632	nitrate
http://purl.obolibrary.org/obo/GO_0009671	nitrate:proton symporter activity	http://purl.obolibrary.org/obo/CHEBI_17632	nitrate	http://purl.obolibrary.org/obo/CHEBI_15378	hydron
http://purl.obolibrary.org/obo/GO_0015391	nucleobase:monoatomic cation symporter activity	http://purl.obolibrary.org/obo/CHEBI_18282	nucleobase	http://purl.obolibrary.org/obo/CHEBI_23906	monoatomic cation
http://purl.obolibrary.org/obo/GO_0015391	nucleobase:monoatomic cation symporter activity	http://purl.obolibrary.org/obo/CHEBI_23906	monoatomic cation	http://purl.obolibrary.org/obo/CHEBI_18282	nucleobase
http://purl.obolibrary.org/obo/GO_0015506	nucleoside:proton symporter activity	http://purl.obolibrary.org/obo/CHEBI_15378	hydron	http://purl.obolibrary.org/obo/CHEBI_33838	nucleoside
http://purl.obolibrary.org/obo/GO_0015506	nucleoside:proton symporter activity	http://purl.obolibrary.org/obo/CHEBI_33838	nucleoside	http://purl.obolibrary.org/obo/CHEBI_15378	hydron
http://purl.obolibrary.org/obo/GO_0005415	nucleoside:sodium symporter activity	http://purl.obolibrary.org/obo/CHEBI_29101	sodium(1+)	http://purl.obolibrary.org/obo/CHEBI_33838	nucleoside
http://purl.obolibrary.org/obo/GO_0005415	nucleoside:sodium symporter activity	http://purl.obolibrary.org/obo/CHEBI_33838	nucleoside	http://purl.obolibrary.org/obo/CHEBI_29101	sodium(1+)
http://purl.obolibrary.org/obo/GO_0005343	organic acid:sodium symporter activity	http://purl.obolibrary.org/obo/CHEBI_29101	sodium(1+)	http://purl.obolibrary.org/obo/CHEBI_64709	organic acid
http://purl.obolibrary.org/obo/GO_0005343	organic acid:sodium symporter activity	http://purl.obolibrary.org/obo/CHEBI_64709	organic acid	http://purl.obolibrary.org/obo/CHEBI_29101	sodium(1+)
http://purl.obolibrary.org/obo/GO_0015498	pantothenate:sodium symporter activity	http://purl.obolibrary.org/obo/CHEBI_16454	pantothenate	http://purl.obolibrary.org/obo/CHEBI_29101	sodium(1+)
http://purl.obolibrary.org/obo/GO_0015498	pantothenate:sodium symporter activity	http://purl.obolibrary.org/obo/CHEBI_29101	sodium(1+)	http://purl.obolibrary.org/obo/CHEBI_16454	pantothenate
http://purl.obolibrary.org/obo/GO_0015333	peptide:proton symporter activity	http://purl.obolibrary.org/obo/CHEBI_15378	hydron	http://purl.obolibrary.org/obo/CHEBI_16670	peptide
http://purl.obolibrary.org/obo/GO_0015333	peptide:proton symporter activity	http://purl.obolibrary.org/obo/CHEBI_16670	peptide	http://purl.obolibrary.org/obo/CHEBI_15378	hydron
http://purl.obolibrary.org/obo/GO_0015492	phenylalanine:proton symporter activity	http://purl.obolibrary.org/obo/CHEBI_15378	hydron	http://purl.obolibrary.org/obo/CHEBI_28044	phenylalanine
http://purl.obolibrary.org/obo/GO_0015492	phenylalanine:proton symporter activity	http://purl.obolibrary.org/obo/CHEBI_28044	phenylalanine	http://purl.obolibrary.org/obo/CHEBI_15378	hydron
http://purl.obolibrary.org/obo/GO_0015317	phosphate:proton symporter activity	http://purl.obolibrary.org/obo/CHEBI_15378	hydron	http://purl.obolibrary.org/obo/CHEBI_26020	phosphate
http://purl.obolibrary.org/obo/GO_0015317	phosphate:proton symporter activity	http://purl.obolibrary.org/obo/CHEBI_26020	phosphate	http://purl.obolibrary.org/obo/CHEBI_15378	hydron
http://purl.obolibrary.org/obo/GO_0015379	potassium:chloride symporter activity	http://purl.obolibrary.org/obo/CHEBI_17996	chloride	http://purl.obolibrary.org/obo/CHEBI_29103	potassium(1+)
http://purl.obolibrary.org/obo/GO_0015379	potassium:chloride symporter activity	http://purl.obolibrary.org/obo/CHEBI_29103	potassium(1+)	http://purl.obolibrary.org/obo/CHEBI_17996	chloride
http://purl.obolibrary.org/obo/GO_0015387	potassium:proton symporter activity	http://purl.obolibrary.org/obo/CHEBI_15378	hydron	http://purl.obolibrary.org/obo/CHEBI_29103	potassium(1+)
http://purl.obolibrary.org/obo/GO_0015387	potassium:proton symporter activity	http://purl.obolibrary.org/obo/CHEBI_29103	potassium(1+)	http://purl.obolibrary.org/obo/CHEBI_15378	hydron
http://purl.obolibrary.org/obo/GO_0009674	potassium:sodium symporter activity	http://purl.obolibrary.org/obo/CHEBI_29101	sodium(1+)	http://purl.obolibrary.org/obo/CHEBI_29103	potassium(1+)
http://purl.obolibrary.org/obo/GO_0009674	potassium:sodium symporter activity	http://purl.obolibrary.org/obo/CHEBI_29103	potassium(1+)	http://purl.obolibrary.org/obo/CHEBI_29101	sodium(1+)
http://purl.obolibrary.org/obo/GO_0005297	proline:proton symporter activity	http://purl.obolibrary.org/obo/CHEBI_15378	hydron	http://purl.obolibrary.org/obo/CHEBI_26271	proline
http://purl.obolibrary.org/obo/GO_0005297	proline:proton symporter activity	http://purl.obolibrary.org/obo/CHEBI_26271	proline	http://purl.obolibrary.org/obo/CHEBI_15378	hydron
http://purl.obolibrary.org/obo/GO_0005298	proline:sodium symporter activity	http://purl.obolibrary.org/obo/CHEBI_26271	proline	http://purl.obolibrary.org/obo/CHEBI_29101	sodium(1+)
http://purl.obolibrary.org/obo/GO_0005298	proline:sodium symporter activity	http://purl.obolibrary.org/obo/CHEBI_29101	sodium(1+)	http://purl.obolibrary.org/obo/CHEBI_26271	proline
http://purl.obolibrary.org/obo/GO_0015390	purine-specific nucleoside:sodium symporter activity	http://purl.obolibrary.org/obo/CHEBI_29101	sodium(1+)	http://purl.obolibrary.org/obo/CHEBI_35584	purine
http://purl.obolibrary.org/obo/GO_0015390	purine-specific nucleoside:sodium symporter activity	http://purl.obolibrary.org/obo/CHEBI_35584	purine	http://purl.obolibrary.org/obo/CHEBI_29101	sodium(1+)
http://purl.obolibrary.org/obo/GO_0015652	quaternary ammonium group:proton symporter activity	http://purl.obolibrary.org/obo/CHEBI_15378	hydron	http://purl.obolibrary.org/obo/CHEBI_26469	quaternary nitrogen compound
http://purl.obolibrary.org/obo/GO_0015652	quaternary ammonium group:proton symporter activity	http://purl.obolibrary.org/obo/CHEBI_26469	quaternary nitrogen compound	http://purl.obolibrary.org/obo/CHEBI_15378	hydron
http://purl.obolibrary.org/obo/GO_0015529	raffinose:proton symporter activity	http://purl.obolibrary.org/obo/CHEBI_15378	hydron	http://purl.obolibrary.org/obo/CHEBI_16634	raffinose
http://purl.obolibrary.org/obo/GO_0015529	raffinose:proton symporter activity	http://purl.obolibrary.org/obo/CHEBI_16634	raffinose	http://purl.obolibrary.org/obo/CHEBI_15378	hydron
http://purl.obolibrary.org/obo/GO_0015561	rhamnose:proton symporter activity	http://purl.obolibrary.org/obo/CHEBI_15378	hydron	http://purl.obolibrary.org/obo/CHEBI_26546	rhamnose
http://purl.obolibrary.org/obo/GO_0015561	rhamnose:proton symporter activity	http://purl.obolibrary.org/obo/CHEBI_26546	rhamnose	http://purl.obolibrary.org/obo/CHEBI_15378	hydron
http://purl.obolibrary.org/obo/GO_0097079	selenite:proton symporter activity	http://purl.obolibrary.org/obo/CHEBI_15378	hydron	http://purl.obolibrary.org/obo/CHEBI_18212	selenite(2-)
http://purl.obolibrary.org/obo/GO_0097079	selenite:proton symporter activity	http://purl.obolibrary.org/obo/CHEBI_18212	selenite(2-)	http://purl.obolibrary.org/obo/CHEBI_15378	hydron
http://purl.obolibrary.org/obo/GO_0015533	shikimate:proton symporter activity	http://purl.obolibrary.org/obo/CHEBI_15378	hydron	http://purl.obolibrary.org/obo/CHEBI_36208	shikimate
http://purl.obolibrary.org/obo/GO_0015533	shikimate:proton symporter activity	http://purl.obolibrary.org/obo/CHEBI_36208	shikimate	http://purl.obolibrary.org/obo/CHEBI_15378	hydron
http://purl.obolibrary.org/obo/GO_0015306	sialate:monoatomic cation symporter activity	http://purl.obolibrary.org/obo/CHEBI_23906	monoatomic cation	http://purl.obolibrary.org/obo/CHEBI_35418	N-acetylneuraminate
http://purl.obolibrary.org/obo/GO_0015306	sialate:monoatomic cation symporter activity	http://purl.obolibrary.org/obo/CHEBI_35418	N-acetylneuraminate	http://purl.obolibrary.org/obo/CHEBI_23906	monoatomic cation
http://purl.obolibrary.org/obo/GO_0015538	sialic acid:proton symporter activity	http://purl.obolibrary.org/obo/CHEBI_15378	hydron	http://purl.obolibrary.org/obo/CHEBI_26667	sialic acid
http://purl.obolibrary.org/obo/GO_0015538	sialic acid:proton symporter activity	http://purl.obolibrary.org/obo/CHEBI_26667	sialic acid	http://purl.obolibrary.org/obo/CHEBI_15378	hydron
http://purl.obolibrary.org/obo/GO_0008510	sodium:bicarbonate symporter activity	http://purl.obolibrary.org/obo/CHEBI_17544	hydrogencarbonate	http://purl.obolibrary.org/obo/CHEBI_29101	sodium(1+)
http://purl.obolibrary.org/obo/GO_0008510	sodium:bicarbonate symporter activity	http://purl.obolibrary.org/obo/CHEBI_29101	sodium(1+)	http://purl.obolibrary.org/obo/CHEBI_17544	hydrogencarbonate
http://purl.obolibrary.org/obo/GO_0015378	sodium:chloride symporter activity	http://purl.obolibrary.org/obo/CHEBI_17996	chloride	http://purl.obolibrary.org/obo/CHEBI_29101	sodium(1+)
http://purl.obolibrary.org/obo/GO_0015378	sodium:chloride symporter activity	http://purl.obolibrary.org/obo/CHEBI_29101	sodium(1+)	http://purl.obolibrary.org/obo/CHEBI_17996	chloride
http://purl.obolibrary.org/obo/GO_0017153	sodium:dicarboxylate symporter activity	http://purl.obolibrary.org/obo/CHEBI_29101	sodium(1+)	http://purl.obolibrary.org/obo/CHEBI_35692	dicarboxylic acid
http://purl.obolibrary.org/obo/GO_0017153	sodium:dicarboxylate symporter activity	http://purl.obolibrary.org/obo/CHEBI_35692	dicarboxylic acid	http://purl.obolibrary.org/obo/CHEBI_29101	sodium(1+)
http://purl.obolibrary.org/obo/GO_0044669	sodium:galactoside symporter activity	http://purl.obolibrary.org/obo/CHEBI_24163	galactoside	http://purl.obolibrary.org/obo/CHEBI_29101	sodium(1+)
http://purl.obolibrary.org/obo/GO_0044669	sodium:galactoside symporter activity	http://purl.obolibrary.org/obo/CHEBI_29101	sodium(1+)	http://purl.obolibrary.org/obo/CHEBI_24163	galactoside
http://purl.obolibrary.org/obo/GO_0015319	sodium:inorganic phosphate symporter activity	http://purl.obolibrary.org/obo/CHEBI_24838	inorganic phosphate	http://purl.obolibrary.org/obo/CHEBI_29101	sodium(1+)
http://purl.obolibrary.org/obo/GO_0015319	sodium:inorganic phosphate symporter activity	http://purl.obolibrary.org/obo/CHEBI_29101	sodium(1+)	http://purl.obolibrary.org/obo/CHEBI_24838	inorganic phosphate
http://purl.obolibrary.org/obo/GO_0008507	sodium:iodide symporter activity	http://purl.obolibrary.org/obo/CHEBI_16382	iodide	http://purl.obolibrary.org/obo/CHEBI_29101	sodium(1+)
http://purl.obolibrary.org/obo/GO_0008507	sodium:iodide symporter activity	http://purl.obolibrary.org/obo/CHEBI_29101	sodium(1+)	http://purl.obolibrary.org/obo/CHEBI_16382	iodide
http://purl.obolibrary.org/obo/GO_0044668	sodium:malonate symporter activity	http://purl.obolibrary.org/obo/CHEBI_15792	malonate(2-)	http://purl.obolibrary.org/obo/CHEBI_29101	sodium(1+)
http://purl.obolibrary.org/obo/GO_0044668	sodium:malonate symporter activity	http://purl.obolibrary.org/obo/CHEBI_29101	sodium(1+)	http://purl.obolibrary.org/obo/CHEBI_15792	malonate(2-)
http://purl.obolibrary.org/obo/GO_0005436	sodium:phosphate symporter activity	http://purl.obolibrary.org/obo/CHEBI_26020	phosphate	http://purl.obolibrary.org/obo/CHEBI_29101	sodium(1+)
http://purl.obolibrary.org/obo/GO_0005436	sodium:phosphate symporter activity	http://purl.obolibrary.org/obo/CHEBI_29101	sodium(1+)	http://purl.obolibrary.org/obo/CHEBI_26020	phosphate
http://purl.obolibrary.org/obo/GO_0015382	sodium:sulfate symporter activity	http://purl.obolibrary.org/obo/CHEBI_16189	sulfate	http://purl.obolibrary.org/obo/CHEBI_29101	sodium(1+)
http://purl.obolibrary.org/obo/GO_0015382	sodium:sulfate symporter activity	http://purl.obolibrary.org/obo/CHEBI_29101	sodium(1+)	http://purl.obolibrary.org/obo/CHEBI_16189	sulfate
http://purl.obolibrary.org/obo/GO_0015294	solute:monoatomic cation symporter activity	http://purl.obolibrary.org/obo/CHEBI_23906	monoatomic cation	http://purl.obolibrary.org/obo/CHEBI_24431	chemical entity
http://purl.obolibrary.org/obo/GO_0015294	solute:monoatomic cation symporter activity	http://purl.obolibrary.org/obo/CHEBI_24431	chemical entity	http://purl.obolibrary.org/obo/CHEBI_23906	monoatomic cation
http://purl.obolibrary.org/obo/GO_0015295	solute:proton symporter activity	http://purl.obolibrary.org/obo/CHEBI_15378	hydron	http://purl.obolibrary.org/obo/CHEBI_24431	chemical entity
http://purl.obolibrary.org/obo/GO_0015295	solute:proton symporter activity	http://purl.obolibrary.org/obo/CHEBI_24431	chemical entity	http://purl.obolibrary.org/obo/CHEBI_15378	hydron
http://purl.obolibrary.org/obo/GO_0015370	solute:sodium symporter activity	http://purl.obolibrary.org/obo/CHEBI_24431	chemical entity	http://purl.obolibrary.org/obo/CHEBI_29101	sodium(1+)
http://purl.obolibrary.org/obo/GO_0015370	solute:sodium symporter activity	http://purl.obolibrary.org/obo/CHEBI_29101	sodium(1+)	http://purl.obolibrary.org/obo/CHEBI_24431	chemical entity
http://purl.obolibrary.org/obo/GO_0097434	succinate:proton symporter activity	http://purl.obolibrary.org/obo/CHEBI_15378	hydron	http://purl.obolibrary.org/obo/CHEBI_30031	succinate(2-)
http://purl.obolibrary.org/obo/GO_0097434	succinate:proton symporter activity	http://purl.obolibrary.org/obo/CHEBI_30031	succinate(2-)	http://purl.obolibrary.org/obo/CHEBI_15378	hydron
http://purl.obolibrary.org/obo/GO_0009669	sucrose:monoatomic cation symporter activity	http://purl.obolibrary.org/obo/CHEBI_17992	sucrose	http://purl.obolibrary.org/obo/CHEBI_23906	monoatomic cation
http://purl.obolibrary.org/obo/GO_0009669	sucrose:monoatomic cation symporter activity	http://purl.obolibrary.org/obo/CHEBI_23906	monoatomic cation	http://purl.obolibrary.org/obo/CHEBI_17992	sucrose
http://purl.obolibrary.org/obo/GO_0008506	sucrose:proton symporter activity	http://purl.obolibrary.org/obo/CHEBI_15378	hydron	http://purl.obolibrary.org/obo/CHEBI_17992	sucrose
http://purl.obolibrary.org/obo/GO_0008506	sucrose:proton symporter activity	http://purl.obolibrary.org/obo/CHEBI_17992	sucrose	http://purl.obolibrary.org/obo/CHEBI_15378	hydron
http://purl.obolibrary.org/obo/GO_0008512	sulfate:proton symporter activity	http://purl.obolibrary.org/obo/CHEBI_15378	hydron	http://purl.obolibrary.org/obo/CHEBI_16189	sulfate
http://purl.obolibrary.org/obo/GO_0008512	sulfate:proton symporter activity	http://purl.obolibrary.org/obo/CHEBI_16189	sulfate	http://purl.obolibrary.org/obo/CHEBI_15378	hydron
http://purl.obolibrary.org/obo/GO_0005369	taurine:sodium symporter activity	http://purl.obolibrary.org/obo/CHEBI_29101	sodium(1+)	http://purl.obolibrary.org/obo/CHEBI_507393	taurine zwitterion
http://purl.obolibrary.org/obo/GO_0005369	taurine:sodium symporter activity	http://purl.obolibrary.org/obo/CHEBI_507393	taurine zwitterion	http://purl.obolibrary.org/obo/CHEBI_29101	sodium(1+)
http://purl.obolibrary.org/obo/GO_0034215	thiamine:proton symporter activity	http://purl.obolibrary.org/obo/CHEBI_15378	hydron	http://purl.obolibrary.org/obo/CHEBI_26948	vitamin B1
http://purl.obolibrary.org/obo/GO_0034215	thiamine:proton symporter activity	http://purl.obolibrary.org/obo/CHEBI_26948	vitamin B1	http://purl.obolibrary.org/obo/CHEBI_15378	hydron
http://purl.obolibrary.org/obo/GO_0044693	trehalose:proton symporter activity	http://purl.obolibrary.org/obo/CHEBI_15378	hydron	http://purl.obolibrary.org/obo/CHEBI_27082	trehalose
http://purl.obolibrary.org/obo/GO_0044693	trehalose:proton symporter activity	http://purl.obolibrary.org/obo/CHEBI_27082	trehalose	http://purl.obolibrary.org/obo/CHEBI_15378	hydron
http://purl.obolibrary.org/obo/GO_0015505	uracil:monoatomic cation symporter activity	http://purl.obolibrary.org/obo/CHEBI_17568	uracil	http://purl.obolibrary.org/obo/CHEBI_23906	monoatomic cation
http://purl.obolibrary.org/obo/GO_0015505	uracil:monoatomic cation symporter activity	http://purl.obolibrary.org/obo/CHEBI_23906	monoatomic cation	http://purl.obolibrary.org/obo/CHEBI_17568	uracil
http://purl.obolibrary.org/obo/GO_0015401	urea:sodium symporter activity	http://purl.obolibrary.org/obo/CHEBI_16199	urea	http://purl.obolibrary.org/obo/CHEBI_29101	sodium(1+)
http://purl.obolibrary.org/obo/GO_0015401	urea:sodium symporter activity	http://purl.obolibrary.org/obo/CHEBI_29101	sodium(1+)	http://purl.obolibrary.org/obo/CHEBI_16199	urea
http://purl.obolibrary.org/obo/GO_0015394	uridine:proton symporter activity	http://purl.obolibrary.org/obo/CHEBI_15378	hydron	http://purl.obolibrary.org/obo/CHEBI_16704	uridine
http://purl.obolibrary.org/obo/GO_0015394	uridine:proton symporter activity	http://purl.obolibrary.org/obo/CHEBI_16704	uridine	http://purl.obolibrary.org/obo/CHEBI_15378	hydron
http://purl.obolibrary.org/obo/GO_0015537	xanthosine:proton symporter activity	http://purl.obolibrary.org/obo/CHEBI_15378	hydron	http://purl.obolibrary.org/obo/CHEBI_18107	xanthosine
http://purl.obolibrary.org/obo/GO_0015537	xanthosine:proton symporter activity	http://purl.obolibrary.org/obo/CHEBI_18107	xanthosine	http://purl.obolibrary.org/obo/CHEBI_15378	hydron
http://purl.obolibrary.org/obo/GO_0140412	zinc:bicarbonate symporter activity	http://purl.obolibrary.org/obo/CHEBI_17544	hydrogencarbonate	http://purl.obolibrary.org/obo/CHEBI_63056	zinc cation
http://purl.obolibrary.org/obo/GO_0140412	zinc:bicarbonate symporter activity	http://purl.obolibrary.org/obo/CHEBI_63056	zinc cation	http://purl.obolibrary.org/obo/CHEBI_17544	hydrogencarbonate
